"Prebivalstvo po starosti in spolu, obèine, Slovenija, 2008H1 - 2020H2"

"SPOL";"OBÈINE";"2012H1 Starost - SKUPAJ";"2012H2 Starost - SKUPAJ";"2013H1 Starost - SKUPAJ";"2013H2 Starost - SKUPAJ";"2014H1 Starost - SKUPAJ";"2014H2 Starost - SKUPAJ";"2015H1 Starost - SKUPAJ";"2015H2 Starost - SKUPAJ";"2016H1 Starost - SKUPAJ";"2016H2 Starost - SKUPAJ";"2017H1 Starost - SKUPAJ";"2017H2 Starost - SKUPAJ";"2018H1 Starost - SKUPAJ";"2018H2 Starost - SKUPAJ";"2019H1 Starost - SKUPAJ";"2019H2 Starost - SKUPAJ";"2020H1 Starost - SKUPAJ";"2020H2 Starost - SKUPAJ"
"Moški";"SLOVENIJA";1016731;1017414;1019061;1019658;1020874;1021419;1022229;1022554;1023333;1023872;1025125;1025973;1027041;1030234;1038656;1045835;1051066;1054483
"Moški";"Ajdovšèina";9586;9600;9570;9620;9543;9570;9593;9610;9621;9624;9659;9708;9699;9740;9825;9945;9965;10123
"Moški";"Ankaran/Ancarano";-;-;-;-;-;-;1585;1581;1578;1575;1586;1564;1564;1559;1554;1554;1561;1569
"Moški";"Apaèe";1803;1778;1791;1797;1800;1794;1785;1790;1779;1771;1759;1763;1755;1750;1755;1761;1765;1773
"Moški";"Beltinci";4126;4147;4132;4149;4150;4154;4133;4128;4126;4120;4109;4127;4090;4075;4051;4040;4027;4025
"Moški";"Benedikt";1242;1239;1239;1251;1243;1237;1241;1235;1241;1252;1237;1241;1256;1279;1295;1321;1335;1326
"Moški";"Bistrica ob Sotli";705;701;703;705;692;688;691;689;685;678;672;668;669;674;663;666;661;666
"Moški";"Bled";4006;3995;3990;4036;4024;3991;3969;3942;3926;3925;3907;3865;3842;3830;3843;3876;3917;3953
"Moški";"Bloke";841;843;847;846;843;838;833;819;822;821;819;820;817;814;833;841;846;861
"Moški";"Bohinj";2586;2586;2597;2588;2576;2580;2559;2561;2556;2548;2560;2567;2575;2553;2562;2577;2602;2706
"Moški";"Borovnica";1995;1998;1996;2037;2072;2098;2127;2149;2151;2155;2208;2237;2230;2226;2266;2309;2334;2357
"Moški";"Bovec";1558;1564;1574;1568;1565;1555;1550;1546;1539;1522;1512;1509;1502;1505;1502;1520;1519;1586
"Moški";"Braslovèe";2683;2708;2700;2716;2726;2735;2736;2743;2751;2789;2799;2809;2795;2783;2794;2824;2852;2843
"Moški";"Brda";2862;2856;2839;2841;2821;2823;2804;2795;2797;2804;2794;2802;2807;2815;2804;2821;2823;2824
"Moški";"Brezovica";5621;5687;5739;5767;5788;5825;5841;5873;5905;5927;5967;5987;6034;6108;6171;6261;6350;6381
"Moški";"Brežice";11946;11932;11916;11925;11965;11935;11920;11939;11957;11954;11944;11884;11879;11893;11946;12027;12016;12111
"Moški";"Cankova";922;917;912;915;906;906;903;906;895;876;881;876;863;858;851;848;844;858
"Moški";"Celje";23843;23921;23958;23997;24158;24175;24133;24178;24345;24483;24590;24662;24752;24888;24803;24945;24937;24640
"Moški";"Cerklje na Gorenjskem";3571;3579;3597;3654;3688;3693;3703;3725;3767;3766;3774;3789;3805;3812;3830;3877;3912;3924
"Moški";"Cerknica";5739;5737;5675;5694;5686;5707;5733;5750;5728;5794;5817;5813;5808;5819;5866;5913;5899;5969
"Moški";"Cerkno";2458;2455;2442;2441;2416;2403;2392;2382;2370;2367;2352;2345;2334;2324;2319;2326;2319;2339
"Moški";"Cerkvenjak";1030;1031;1022;1016;1038;1058;1073;1071;1072;1074;1097;1090;1071;1084;1095;1110;1115;1190
"Moški";"Cirkulane";1163;1161;1181;1178;1206;1204;1216;1202;1193;1204;1238;1232;1246;1267;1306;1280;1271;1294
"Moški";"Èrenšovci";2078;2057;2031;2007;2010;2011;2001;1984;1992;1968;1960;1964;1952;1976;1970;1978;1979;1993
"Moški";"Èrna na Koroškem";1813;1788;1786;1781;1744;1727;1712;1698;1705;1694;1680;1680;1677;1667;1678;1670;1671;1657
"Moški";"Èrnomelj";7426;7412;7374;7423;7411;7421;7413;7380;7333;7307;7264;7251;7265;7258;7305;7310;7262;7301
"Moški";"Destrnik";1309;1301;1291;1310;1312;1297;1291;1300;1286;1294;1296;1294;1294;1315;1321;1336;1357;1354
"Moški";"Divaèa";2039;2042;2031;2055;2058;2084;2078;2061;2061;2073;2082;2124;2134;2141;2166;2175;2211;2225
"Moški";"Dobje";479;479;476;477;471;472;479;473;470;471;477;464;464;462;469;464;465;459
"Moški";"Dobrepolje";2012;2033;2021;2015;2026;2013;2016;2019;2000;2007;2008;2018;2016;2004;2015;2011;2049;2062
"Moški";"Dobrna";1127;1119;1119;1116;1124;1112;1097;1114;1108;1132;1126;1125;1121;1124;1129;1141;1136;1138
"Moški";"Dobrova - Polhov Gradec";3740;3735;3776;3782;3742;3772;3790;3814;3804;3806;3807;3834;3836;3813;3826;3897;3940;3964
"Moški";"Dobrovnik/Dobronak";631;639;632;621;618;623;624;619;610;608;618;617;620;620;619;617;622;619
"Moški";"Dol pri Ljubljani";2785;2805;2831;2869;2891;2916;2943;2963;2964;2971;2971;2979;2996;3053;3095;3128;3131;3143
"Moški";"Dolenjske Toplice";1689;1692;1693;1682;1682;1696;1704;1703;1715;1724;1743;1722;1721;1753;1779;1795;1802;1798
"Moški";"Domžale";16869;16909;16968;17082;17127;17221;17227;17297;17367;17417;17444;17518;17543;17673;17894;18002;18151;18165
"Moški";"Dornava";1497;1480;1464;1467;1461;1462;1469;1469;1459;1469;1473;1470;1459;1473;1486;1489;1501;1511
"Moški";"Dravograd";4561;4553;4519;4489;4474;4470;4467;4453;4463;4465;4423;4421;4389;4377;4387;4432;4448;4446
"Moški";"Duplek";3291;3316;3341;3341;3350;3351;3328;3307;3303;3312;3308;3330;3358;3365;3386;3409;3468;3455
"Moški";"Gorenja vas - Poljane";3613;3626;3647;3650;3674;3701;3705;3732;3735;3754;3771;3789;3802;3810;3816;3838;3839;3869
"Moški";"Gorišnica";2006;2021;2029;2013;1988;1967;1968;1969;1981;1978;1957;1978;2016;2048;2070;2092;2108;2135
"Moški";"Gorje";1442;1425;1442;1430;1418;1411;1412;1407;1426;1424;1414;1404;1395;1395;1390;1378;1372;1374
"Moški";"Gornja Radgona";4224;4249;4250;4214;4210;4201;4204;4198;4194;4200;4187;4185;4170;4170;4170;4194;4218;4243
"Moški";"Gornji Grad";1297;1294;1296;1289;1297;1294;1283;1275;1285;1289;1286;1279;1274;1260;1242;1239;1232;1249
"Moški";"Gornji Petrovci";1025;1030;1032;1026;1022;1019;1018;1012;1008;995;1005;1003;989;983;984;990;993;999
"Moški";"Grad";1100;1087;1097;1095;1098;1095;1089;1078;1069;1060;1043;1039;1048;1041;1035;1025;1015;1023
"Moški";"Grosuplje";9898;9957;10002;10026;10049;10084;10100;10109;10119;10205;10285;10478;10590;10734;10852;11028;11032;11086
"Moški";"Hajdina";1860;1848;1847;1844;1850;1867;1851;1859;1834;1836;1858;1850;1856;1879;1919;1954;1977;2012
"Moški";"Hoèe - Slivnica";5460;5525;5662;5718;5680;5726;5670;5699;5743;5679;5729;5747;5858;5978;6185;6252;6136;6100
"Moški";"Hodoš/Hodos";181;184;182;174;174;177;177;180;182;184;179;181;179;178;177;181;178;182
"Moški";"Horjul";1418;1430;1446;1458;1473;1477;1470;1457;1461;1472;1477;1483;1496;1494;1495;1516;1513;1514
"Moški";"Hrastnik";4812;4796;4751;4707;4695;4648;4625;4592;4580;4578;4557;4538;4524;4529;4522;4519;4500;4526
"Moški";"Hrpelje - Kozina";2172;2176;2186;2175;2182;2188;2193;2208;2198;2193;2196;2213;2240;2260;2283;2343;2372;2428
"Moški";"Idrija";5956;5975;5983;5997;5983;6001;5966;6006;5977;5958;5920;5924;5883;5894;5931;5980;6019;5981
"Moški";"Ig";3445;3518;3529;3516;3548;3559;3573;3574;3590;3612;3622;3656;3685;3721;3743;3816;3863;3848
"Moški";"Ilirska Bistrica";6952;6939;6954;6947;6916;6900;6891;6853;6813;6783;6769;6736;6680;6687;6739;6717;6738;6757
"Moški";"Ivanèna Gorica";7935;7969;7985;8046;8099;8156;8189;8209;8222;8262;8282;8375;8441;8485;8620;8677;8763;8914
"Moški";"Izola/Isola";7945;7955;7958;7910;7839;7813;7818;7816;7841;7839;7876;7860;7862;7941;8073;8127;8261;8302
"Moški";"Jesenice";10794;10733;10682;10639;10608;10520;10525;10488;10439;10362;10397;10394;10432;10504;10622;10755;10853;10984
"Moški";"Jezersko";320;316;314;316;324;320;319;309;304;305;312;318;317;316;319;316;311;321
"Moški";"Juršinci";1197;1227;1214;1214;1217;1217;1197;1198;1189;1206;1217;1226;1226;1223;1216;1221;1227;1240
"Moški";"Kamnik";14331;14390;14364;14388;14461;14462;14476;14448;14426;14472;14479;14540;14554;14579;14728;14865;14938;14966
"Moški";"Kanal";2872;2865;2858;2842;2813;2805;2790;2769;2737;2713;2692;2694;2678;2670;2664;2675;2684;2690
"Moški";"Kidrièevo";3200;3178;3186;3194;3192;3166;3155;3136;3127;3121;3110;3126;3144;3155;3161;3172;3212;3221
"Moški";"Kobarid";2090;2101;2100;2113;2093;2088;2082;2078;2062;2057;2048;2057;2053;2057;2055;2066;2045;2030
"Moški";"Kobilje";310;301;294;287;290;291;295;297;294;294;286;289;287;284;280;277;275;281
"Moški";"Koèevje";8134;8097;8085;8028;7969;7944;7952;7945;7928;7926;7890;7836;7824;7792;7808;7815;7814;7830
"Moški";"Komen";1759;1755;1758;1775;1764;1742;1772;1751;1745;1765;1759;1763;1775;1761;1771;1775;1771;1763
"Moški";"Komenda";2839;2857;2856;2890;2923;2947;2963;2983;3012;3036;3067;3056;3103;3137;3166;3219;3226;3274
"Moški";"Koper/Capodistria";26335;26412;26488;26586;26783;26766;25114;25165;25191;25172;25259;25469;25560;25579;25846;26062;26027;26056
"Moški";"Kostanjevica na Krki";1206;1205;1205;1208;1206;1218;1235;1229;1213;1207;1209;1216;1222;1220;1233;1228;1220;1224
"Moški";"Kostel";328;334;335;335;339;339;339;337;339;343;338;333;335;337;334;338;334;356
"Moški";"Kozje";1611;1597;1597;1589;1564;1560;1552;1542;1557;1574;1562;1559;1549;1540;1538;1551;1519;1532
"Moški";"Kranj";27366;27379;27441;27472;27503;27592;27656;27793;27789;27755;27728;27732;27738;27677;28044;28431;28691;28768
"Moški";"Kranjska Gora";2655;2648;2635;2628;2652;2641;2627;2628;2619;2614;2624;2590;2613;2616;2605;2608;2637;2796
"Moški";"Križevci";1921;1927;1925;1921;1903;1920;1909;1896;1871;1887;1868;1866;1846;1846;1840;1824;1815;1822
"Moški";"Krško";13207;13297;13365;13385;13317;13253;13216;13177;13242;13256;13166;13162;13200;13201;13358;13451;13464;13346
"Moški";"Kungota";2395;2388;2403;2408;2395;2408;2417;2410;2390;2395;2420;2412;2426;2418;2400;2408;2425;2462
"Moški";"Kuzma";772;769;764;768;766;783;783;772;770;769;768;768;759;757;764;766;766;771
"Moški";"Laško";6625;6603;6585;6594;6560;6548;6537;6528;6495;6502;6499;6487;6476;6458;6464;6492;6521;6523
"Moški";"Lenart";4075;4065;4057;4032;4086;4119;4118;4109;4136;4136;4122;4144;4126;4169;4225;4245;4287;4308
"Moški";"Lendava/Lendva";5317;5256;5204;5172;5170;5166;5166;5169;5166;5141;5145;5113;5078;5090;5125;5188;5179;5202
"Moški";"Litija";7451;7477;7526;7514;7538;7510;7522;7514;7542;7590;7597;7655;7664;7674;7721;7768;7796;7875
"Moški";"Ljubljana";134731;134731;135707;135788;136889;137211;137797;138043;138564;138856;139264;139136;139777;140124;141907;142958;143866;143390
"Moški";"Ljubno";1309;1323;1316;1316;1307;1306;1292;1297;1307;1303;1301;1300;1287;1281;1279;1288;1289;1292
"Moški";"Ljutomer";5755;5755;5747;5708;5703;5688;5665;5677;5676;5668;5641;5635;5650;5643;5617;5635;5638;5614
"Moški";"Log - Dragomer";1832;1840;1856;1844;1826;1830;1839;1824;1810;1811;1832;1839;1819;1852;1839;1828;1824;1810
"Moški";"Logatec";6794;6862;6936;6946;6946;6966;6956;6935;6932;6962;6969;7028;7064;7101;7178;7226;7335;7436
"Moški";"Loška dolina";1991;1990;1984;1996;1988;1990;2005;2000;2002;2000;1975;1955;1901;1909;1927;1967;1935;1957
"Moški";"Loški Potok";981;975;964;958;951;946;932;933;929;921;932;930;920;921;906;915;908;920
"Moški";"Lovrenc na Pohorju";1574;1579;1564;1574;1571;1563;1561;1549;1548;1556;1538;1527;1533;1527;1522;1519;1524;1530
"Moški";"Luèe";768;763;763;762;754;755;755;755;752;754;752;751;742;752;744;739;733;728
"Moški";"Lukovica";2805;2808;2815;2817;2847;2861;2867;2877;2881;2904;2906;2905;2912;2922;2946;2981;2992;3007
"Moški";"Majšperk";2037;2025;2008;2001;1994;1992;1984;1996;2018;2024;2048;2064;2069;2094;2105;2116;2125;2125
"Moški";"Makole";1041;1035;1026;1016;1015;1024;1032;1022;1029;1030;1015;1018;1018;1010;1023;1031;1022;1047
"Moški";"Maribor";54369;54118;54335;54319;54785;54779;55092;54923;54895;54088;54317;54083;54317;54297;55267;55439;55831;55886
"Moški";"Markovci";1954;1968;1976;1986;1952;1944;1942;1950;1965;1977;1967;1969;1968;1964;1969;1967;1997;1991
"Moški";"Medvode";7685;7753;7812;7826;7823;7874;7894;7886;7909;7954;8033;8095;8072;8128;8221;8257;8400;8390
"Moški";"Mengeš";3546;3556;3587;3614;3629;3621;3652;3667;3686;3699;3724;3784;3811;3874;3945;3995;4071;4151
"Moški";"Metlika";4224;4207;4228;4238;4251;4255;4247;4250;4244;4228;4226;4247;4247;4249;4275;4297;4380;4362
"Moški";"Mežica";1832;1834;1824;1808;1805;1808;1822;1827;1820;1813;1813;1814;1798;1807;1829;1833;1867;1863
"Moški";"Miklavž na Dravskem polju";3154;3167;3158;3169;3174;3163;3175;3175;3210;3233;3251;3285;3249;3268;3393;3476;3555;3603
"Moški";"Miren - Kostanjevica";2418;2409;2421;2418;2412;2430;2420;2425;2422;2426;2436;2431;2439;2462;2504;2513;2511;2511
"Moški";"Mirna";1295;1269;1275;1277;1263;1253;1251;1245;1248;1249;1263;1272;1286;1297;1317;1321;1339;1364
"Moški";"Mirna Peè";1428;1440;1442;1455;1459;1463;1470;1480;1492;1505;1509;1522;1514;1498;1510;1520;1528;1537
"Moški";"Mislinja";2351;2362;2368;2349;2336;2340;2314;2298;2279;2291;2280;2284;2262;2280;2278;2286;2282;2287
"Moški";"Mokronog - Trebelno";1473;1485;1472;1491;1506;1510;1506;1498;1506;1504;1512;1490;1508;1551;1520;1541;1547;1578
"Moški";"Moravèe";2518;2533;2553;2572;2583;2592;2595;2610;2620;2609;2639;2658;2643;2658;2699;2706;2713;2734
"Moški";"Moravske Toplice";2972;2959;2920;2916;2907;2916;2914;2938;2920;2907;2902;2912;2911;2917;2912;2933;2906;2931
"Moški";"Mozirje";2016;2017;2035;2021;2062;2077;2041;1994;1995;2006;2006;2005;2007;2022;2019;2027;2041;2078
"Moški";"Murska Sobota";9127;9085;9099;9052;9020;9015;9052;9037;9021;8991;8951;8951;8880;8901;8904;8932;8958;8931
"Moški";"Muta";1742;1735;1734;1723;1719;1712;1703;1698;1697;1698;1704;1700;1709;1702;1705;1729;1731;1729
"Moški";"Naklo";2627;2639;2658;2653;2633;2636;2622;2633;2623;2647;2668;2651;2671;2657;2723;2717;2717;2726
"Moški";"Nazarje";1308;1323;1334;1322;1313;1308;1325;1311;1315;1300;1306;1319;1311;1315;1321;1313;1337;1348
"Moški";"Nova Gorica";15760;15695;15690;15620;15660;15657;15659;15665;15693;15689;15720;15705;15648;15711;15852;15999;16021;16036
"Moški";"Novo mesto";18146;18133;18022;17993;18061;17973;18048;18036;18101;18138;18141;18112;18103;18411;18543;18750;18958;18879
"Moški";"Odranci";839;832;823;820;819;824;831;826;821;814;808;814;801;807;814;817;818;816
"Moški";"Oplotnica";2002;2027;2022;2020;2043;2046;2038;2052;2059;2081;2081;2089;2099;2111;2104;2109;2112;2130
"Moški";"Ormož";6246;6227;6227;6238;6215;6210;6220;6214;6175;6148;6112;6100;6074;6034;5987;6005;5974;5989
"Moški";"Osilnica";228;230;223;215;213;208;208;205;201;203;204;201;202;200;199;200;199;194
"Moški";"Pesnica";3777;3745;3783;3790;3785;3792;3783;3751;3706;3721;3708;3741;3747;3716;3722;3763;3801;3830
"Moški";"Piran/Pirano";8612;8650;8783;8761;8709;8752;8783;8790;8759;8775;8741;8679;8615;8615;8686;8725;8711;8923
"Moški";"Pivka";3047;3048;3076;3098;3068;3079;3084;3101;3105;3105;3109;3100;3109;3152;3192;3219;3240;3247
"Moški";"Podèetrtek";1672;1680;1675;1678;1683;1680;1687;1698;1694;1698;1711;1708;1712;1739;1754;1759;1779;1825
"Moški";"Podlehnik";927;947;946;932;939;930;911;903;912;927;987;987;983;971;942;911;908;931
"Moški";"Podvelka";1317;1298;1288;1273;1275;1260;1248;1246;1236;1226;1215;1218;1217;1214;1215;1209;1206;1208
"Moški";"Poljèane";2164;2175;2176;2151;2165;2159;2150;2141;2130;2139;2153;2141;2110;2122;2154;2165;2161;2169
"Moški";"Polzela";2888;2930;2910;2943;2942;2959;2956;2973;2982;2980;2991;3006;2992;3026;3024;3039;3056;3094
"Moški";"Postojna";7855;7875;7869;7918;7943;7986;8005;8034;8071;8121;8148;8151;8155;8080;8109;8253;8329;8394
"Moški";"Prebold";2487;2490;2531;2518;2486;2492;2503;2500;2494;2513;2516;2503;2515;2503;2537;2571;2562;2600
"Moški";"Preddvor";1714;1724;1725;1724;1735;1736;1750;1731;1739;1747;1750;1742;1747;1776;1804;1810;1815;1857
"Moški";"Prevalje";3367;3370;3361;3344;3341;3305;3338;3327;3326;3343;3320;3334;3362;3390;3390;3399;3406;3420
"Moški";"Ptuj";11454;11441;11388;11399;11379;11375;11407;11432;11429;11490;11489;11461;11489;11579;11634;11808;11877;11987
"Moški";"Puconci";2973;2961;2956;2964;2943;2932;2925;2931;2925;2919;2908;2903;2894;2900;2882;2893;2901;2892
"Moški";"Raèe - Fram";3428;3460;3483;3487;3483;3497;3508;3495;3536;3572;3565;3535;3600;3630;3680;3708;3770;3788
"Moški";"Radeèe";2193;2197;2175;2154;2135;2125;2118;2132;2110;2097;2090;2075;2076;2069;2066;2048;2033;2044
"Moški";"Radenci";2523;2555;2577;2565;2564;2581;2550;2549;2525;2506;2520;2544;2533;2528;2508;2521;2531;2537
"Moški";"Radlje ob Dravi";3204;3193;3179;3177;3156;3156;3162;3156;3142;3145;3139;3143;3134;3147;3150;3137;3136;3141
"Moški";"Radovljica";9118;9158;9128;9108;9115;9146;9146;9142;9158;9151;9152;9191;9170;9206;9275;9292;9347;9322
"Moški";"Ravne na Koroškem";5758;5774;5758;5736;5709;5698;5717;5715;5722;5720;5720;5724;5700;5697;5764;5815;5845;5849
"Moški";"Razkrižje";674;668;665;671;654;653;660;665;646;653;656;645;643;652;652;653;655;664
"Moški";"Reèica ob Savinji";1168;1184;1186;1206;1205;1211;1203;1210;1204;1204;1206;1203;1193;1201;1231;1253;1243;1270
"Moški";"Renèe - Vogrsko";2171;2164;2181;2193;2200;2185;2182;2198;2199;2202;2200;2178;2165;2182;2195;2209;2206;2183
"Moški";"Ribnica";4703;4713;4712;4714;4749;4751;4734;4733;4738;4767;4770;4779;4772;4794;4845;4853;4868;4904
"Moški";"Ribnica na Pohorju";609;609;607;605;604;608;598;596;592;585;582;581;567;574;573;572;565;572
"Moški";"Rogaška Slatina";5554;5543;5556;5511;5484;5515;5538;5532;5479;5543;5547;5562;5564;5640;5624;5669;5685;5741
"Moški";"Rogašovci";1563;1553;1556;1564;1554;1539;1531;1519;1527;1519;1508;1507;1511;1509;1513;1515;1491;1507
"Moški";"Rogatec";1556;1567;1560;1561;1552;1563;1555;1559;1541;1536;1524;1517;1521;1521;1545;1580;1574;1594
"Moški";"Ruše";3677;3671;3654;3642;3627;3629;3596;3601;3609;3576;3575;3586;3555;3554;3545;3540;3554;3537
"Moški";"Selnica ob Dravi";2284;2288;2277;2242;2242;2256;2275;2288;2290;2276;2257;2251;2265;2261;2277;2271;2294;2368
"Moški";"Semiè";1958;1956;1941;1937;1923;1912;1918;1931;1924;1939;1940;1934;1927;1921;1953;1975;1994;2011
"Moški";"Sevnica";8856;8825;8831;8835;8807;8869;8865;8910;8909;8892;8877;8883;8882;8944;8966;9034;9102;9155
"Moški";"Sežana";6611;6581;6565;6556;6587;6616;6585;6569;6585;6627;6667;6687;6675;6702;6802;6864;6886;6967
"Moški";"Slovenj Gradec";8410;8383;8408;8454;8414;8392;8391;8366;8325;8297;8283;8269;8259;8301;8335;8343;8338;8356
"Moški";"Slovenska Bistrica";12501;12493;12487;12482;12484;12487;12533;12551;12538;12540;12572;12554;12596;12630;12685;12793;12930;12978
"Moški";"Slovenske Konjice";7276;7287;7281;7310;7309;7364;7396;7407;7438;7446;7523;7547;7595;7631;7669;7727;7762;7826
"Moški";"Sodražica";1113;1129;1117;1110;1121;1111;1115;1105;1112;1111;1110;1104;1104;1109;1102;1114;1108;1118
"Moški";"Solèava";254;253;249;252;259;257;250;248;256;256;258;255;254;256;253;255;257;263
"Moški";"Središèe ob Dravi";1044;1047;1037;1025;1027;1026;1006;996;1008;1012;998;983;981;991;996;995;939;945
"Moški";"Starše";2022;1998;2003;2001;1997;1991;1977;1975;1973;1968;1944;1945;1936;1942;1948;1982;2012;2016
"Moški";"Straža";1915;1919;1940;1923;1914;1893;1890;1895;1914;1923;1920;1947;1954;1996;2010;2025;2049;2020
"Moški";"Sveta Ana";1164;1164;1163;1174;1166;1169;1156;1148;1162;1151;1145;1137;1136;1137;1143;1147;1151;1157
"Moški";"Sveta Trojica v Slov. goricah";1069;1066;1063;1049;1056;1045;1044;1056;1049;1053;1062;1060;1058;1051;1066;1070;1089;1141
"Moški";"Sveti Andraž v Slov. goricah";600;588;581;590;596;591;597;606;598;595;594;591;599;609;612;617;618;619
"Moški";"Sveti Jurij ob Šèavnici";1434;1437;1438;1450;1435;1448;1449;1441;1437;1427;1414;1421;1418;1405;1405;1390;1387;1393
"Moški";"Sveti Jurij v Slov. goricah";1065;1069;1079;1069;1056;1059;1061;1059;1055;1058;1066;1048;1046;1054;1069;1070;1084;1077
"Moški";"Sveti Tomaž";1033;1029;1021;1018;1016;1013;1004;1010;1015;1011;999;1005;1005;1008;1007;1004;998;1008
"Moški";"Šalovci";749;739;738;748;725;724;716;711;707;712;712;706;710;706;703;698;698;697
"Moški";"Šempeter - Vrtojba";3182;3175;3157;3176;3119;3109;3096;3122;3115;3126;3097;3079;3077;3090;3098;3109;3133;3118
"Moški";"Šenèur";4214;4218;4215;4206;4231;4269;4287;4266;4273;4314;4310;4323;4307;4300;4342;4432;4480;4476
"Moški";"Šentilj";4183;4186;4228;4219;4182;4178;4162;4128;4123;4176;4147;4178;4298;4230;4209;4181;4155;4134
"Moški";"Šentjernej";3454;3462;3465;3489;3498;3517;3523;3503;3517;3523;3579;3585;3556;3580;3607;3633;3649;3660
"Moški";"Šentjur";9398;9433;9407;9407;9446;9455;9469;9482;9465;9452;9470;9490;9451;9494;9565;9654;9695;9769
"Moški";"Šentrupert";1651;1642;1677;1705;1723;1747;1728;1750;1741;1724;1675;1695;1687;1703;1754;1781;1773;1766
"Moški";"Škocjan";1614;1603;1615;1623;1633;1649;1631;1632;1632;1642;1667;1668;1669;1682;1695;1717;1751;1780
"Moški";"Škofja Loka";11202;11223;11220;11191;11247;11256;11237;11246;11250;11252;11259;11230;11246;11305;11367;11426;11501;11554
"Moški";"Škofljica";4664;4735;4827;4838;4927;5024;5095;5182;5266;5381;5421;5463;5527;5505;5559;5706;5813;5897
"Moški";"Šmarje pri Jelšah";5040;5041;5046;5068;5031;5064;5047;5068;5108;5089;5092;5119;5098;5132;5127;5124;5128;5122
"Moški";"Šmarješke Toplice";1548;1572;1586;1605;1620;1639;1617;1628;1627;1642;1634;1632;1649;1661;1684;1721;1777;1795
"Moški";"Šmartno ob Paki";1615;1617;1615;1615;1613;1623;1619;1614;1622;1615;1597;1603;1615;1622;1637;1649;1653;1677
"Moški";"Šmartno pri Litiji";2767;2815;2818;2831;2794;2805;2792;2815;2817;2815;2810;2807;2814;2827;2844;2864;2867;2876
"Moški";"Šoštanj";4538;4510;4505;4550;4582;4531;4481;4472;4471;4456;4435;4458;4404;4426;4445;4455;4492;4575
"Moški";"Štore";2185;2180;2164;2169;2138;2113;2125;2121;2117;2108;2122;2134;2139;2190;2455;2400;2365;2384
"Moški";"Tabor";813;821;806;827;821;817;838;841;841;840;847;846;856;856;854;856;855;862
"Moški";"Tišina";2039;2033;2034;2033;2029;2019;2006;1998;1987;1995;1983;1969;1966;1960;1957;1960;1952;1948
"Moški";"Tolmin";5817;5834;5793;5799;5749;5734;5726;5704;5702;5703;5678;5670;5638;5618;5603;5577;5562;5553
"Moški";"Trbovlje";8338;8292;8268;8225;8113;8061;8007;8011;7968;7943;7926;7888;7833;7834;7827;7847;7923;7874
"Moški";"Trebnje";6145;6201;6166;6154;6138;6129;6209;6230;6280;6337;6393;6441;6480;6587;6648;6722;6820;6913
"Moški";"Trnovska vas";683;691;693;697;696;679;681;686;699;703;713;710;702;704;700;691;689;699
"Moški";"Trzin";1879;1885;1907;1895;1882;1879;1901;1901;1912;1923;1913;1923;1905;1914;1942;1939;1976;1967
"Moški";"Tržiè";7524;7508;7487;7480;7467;7442;7422;7372;7330;7303;7322;7296;7279;7290;7372;7402;7453;7509
"Moški";"Turnišèe";1653;1630;1633;1626;1620;1608;1611;1606;1609;1605;1596;1587;1592;1577;1577;1572;1558;1585
"Moški";"Velenje";16715;16715;16744;16851;16812;16676;16600;16554;16541;16628;16564;16654;16614;16718;16969;17104;17208;17178
"Moški";"Velika Polana";731;730;729;722;718;705;707;717;724;710;721;719;720;714;710;711;702;706
"Moški";"Velike Lašèe";2167;2172;2173;2152;2153;2130;2123;2149;2182;2174;2184;2193;2187;2185;2212;2243;2255;2272
"Moški";"Veržej";636;638;644;639;636;629;641;639;646;640;652;640;644;643;638;641;664;677
"Moški";"Videm";2859;2874;2860;2842;2861;2834;2827;2810;2835;2868;2874;2889;2916;2942;2946;2965;3000;3043
"Moški";"Vipava";2784;2766;2759;2762;2782;2794;2795;2802;2784;2779;2788;2796;2785;2790;2807;2828;2869;2891
"Moški";"Vitanje";1187;1177;1171;1171;1157;1160;1172;1173;1180;1184;1178;1187;1174;1191;1190;1187;1204;1201
"Moški";"Vodice";2331;2348;2363;2377;2389;2351;2372;2390;2393;2399;2418;2435;2447;2477;2514;2505;2528;2506
"Moški";"Vojnik";4181;4214;4198;4199;4230;4279;4291;4279;4285;4310;4311;4311;4314;4357;4401;4429;4487;4533
"Moški";"Vransko";1286;1294;1297;1292;1282;1285;1292;1298;1293;1289;1284;1292;1294;1310;1309;1314;1319;1336
"Moški";"Vrhnika";8113;8143;8179;8210;8191;8224;8283;8316;8351;8320;8388;8453;8435;8477;8616;8765;8823;8914
"Moški";"Vuzenica";1349;1356;1373;1373;1370;1378;1364;1375;1350;1346;1335;1338;1345;1352;1339;1334;1333;1343
"Moški";"Zagorje ob Savi";8363;8343;8321;8302;8278;8252;8231;8223;8200;8213;8197;8188;8162;8164;8150;8172;8198;8199
"Moški";"Zavrè";917;963;999;1080;1069;1050;1029;1019;1035;1092;1132;1115;1093;930;858;861;827;820
"Moški";"Zreèe";3292;3281;3287;3280;3250;3246;3268;3272;3252;3258;3258;3265;3264;3268;3294;3343;3396;3406
"Moški";"Žalec";10722;10707;10684;10673;10609;10585;10590;10623;10607;10590;10615;10588;10579;10648;10693;10792;10825;10884
"Moški";"Železniki";3471;3493;3476;3492;3459;3441;3448;3450;3447;3436;3428;3442;3451;3443;3464;3471;3494;3464
"Moški";"Žetale";710;704;696;699;692;688;681;672;673;669;676;671;673;679;682;692;696;703
"Moški";"Žiri";2392;2416;2389;2386;2356;2367;2375;2376;2414;2406;2401;2423;2426;2435;2445;2477;2484;2487
"Moški";"Žirovnica";2195;2209;2199;2176;2185;2191;2168;2170;2167;2172;2178;2195;2202;2199;2190;2185;2191;2210
"Moški";"Žužemberk";2312;2305;2309;2308;2306;2318;2302;2314;2321;2315;2334;2341;2344;2350;2354;2372;2379;2381
"Ženske";"SLOVENIJA";1038765;1038848;1039760;1039456;1040211;1040204;1040645;1040523;1040855;1040369;1040770;1040188;1039839;1039816;1042252;1043475;1044795;1045643
"Ženske";"Ajdovšèina";9372;9416;9385;9404;9305;9322;9366;9397;9426;9437;9434;9466;9431;9414;9424;9419;9453;9548
"Ženske";"Ankaran/Ancarano";-;-;-;-;-;-;1634;1656;1657;1652;1643;1641;1645;1657;1652;1661;1663;1684
"Ženske";"Apaèe";1830;1827;1819;1822;1823;1811;1806;1790;1802;1793;1785;1795;1791;1760;1761;1771;1768;1768
"Ženske";"Beltinci";4209;4205;4170;4194;4184;4175;4131;4139;4135;4138;4124;4130;4093;4084;4053;4058;4032;4019
"Ženske";"Benedikt";1197;1193;1191;1218;1221;1227;1220;1225;1250;1254;1249;1264;1258;1280;1282;1263;1280;1285
"Ženske";"Bistrica ob Sotli";716;709;701;703;698;694;691;685;680;690;681;683;677;676;664;667;675;675
"Ženske";"Bled";4171;4196;4181;4167;4168;4154;4158;4146;4109;4073;4074;4049;4031;4005;3992;3970;3951;4030
"Ženske";"Bloke";744;747;737;736;726;721;712;699;716;720;703;709;715;715;722;726;718;742
"Ženske";"Bohinj";2612;2616;2609;2609;2600;2596;2587;2591;2583;2579;2589;2571;2550;2550;2543;2541;2543;2654
"Ženske";"Borovnica";1998;1994;1996;2028;2081;2113;2123;2128;2124;2140;2168;2171;2182;2195;2217;2238;2245;2268
"Ženske";"Bovec";1628;1636;1621;1613;1582;1585;1584;1584;1585;1576;1570;1557;1547;1547;1546;1554;1554;1607
"Ženske";"Braslovèe";2695;2709;2709;2713;2716;2703;2711;2727;2722;2739;2757;2758;2729;2745;2729;2760;2787;2797
"Ženske";"Brda";2899;2907;2895;2910;2886;2882;2858;2864;2862;2860;2831;2822;2816;2798;2798;2811;2796;2789
"Ženske";"Brezovica";5761;5844;5881;5926;5973;6002;6043;6047;6069;6090;6125;6139;6152;6215;6241;6266;6321;6390
"Ženske";"Brežice";12360;12369;12369;12386;12287;12295;12264;12286;12297;12262;12260;12259;12207;12196;12138;12130;12035;12139
"Ženske";"Cankova";968;979;977;966;944;939;931;925;919;916;913;908;892;890;884;876;890;888
"Ženske";"Celje";24810;24761;24717;24776;24710;24708;24640;24723;24732;24738;24790;24714;24625;24650;24670;24657;24603;24429
"Ženske";"Cerklje na Gorenjskem";3617;3650;3646;3663;3659;3663;3661;3681;3739;3766;3795;3796;3814;3796;3802;3835;3857;3872
"Ženske";"Cerknica";5594;5613;5593;5622;5607;5641;5654;5669;5674;5675;5677;5706;5683;5683;5688;5712;5681;5699
"Ženske";"Cerkno";2346;2344;2344;2351;2314;2299;2295;2287;2274;2253;2250;2247;2254;2260;2261;2251;2228;2249
"Ženske";"Cerkvenjak";982;999;987;984;977;974;985;982;972;969;977;979;966;964;963;970;968;980
"Ženske";"Cirkulane";1133;1137;1131;1125;1137;1132;1123;1110;1094;1097;1106;1099;1078;1081;1085;1082;1074;1080
"Ženske";"Èrenšovci";2066;2052;2021;2015;2011;2019;2015;2005;2010;2012;1991;1989;1974;1982;1979;1980;1989;2002
"Ženske";"Èrna na Koroškem";1715;1714;1687;1680;1662;1651;1650;1644;1632;1630;1628;1639;1637;1634;1625;1611;1614;1614
"Ženske";"Èrnomelj";7288;7277;7255;7236;7175;7165;7178;7143;7074;7093;7101;7059;7048;7035;6994;6997;6979;7017
"Ženske";"Destrnik";1322;1299;1291;1305;1297;1283;1273;1261;1253;1254;1248;1244;1260;1268;1264;1281;1286;1286
"Ženske";"Divaèa";1877;1865;1865;1889;1876;1871;1875;1870;1894;1916;1918;1943;1951;1952;1991;2020;2002;2030
"Ženske";"Dobje";496;492;492;494;497;508;515;507;511;516;500;502;501;500;497;501;484;483
"Ženske";"Dobrepolje";1921;1925;1917;1927;1928;1921;1920;1896;1898;1890;1862;1873;1865;1843;1841;1827;1829;1832
"Ženske";"Dobrna";1063;1068;1076;1078;1091;1083;1067;1074;1084;1098;1100;1094;1087;1097;1097;1099;1098;1103
"Ženske";"Dobrova - Polhov Gradec";3709;3730;3763;3758;3743;3763;3783;3791;3778;3794;3811;3827;3825;3810;3838;3855;3860;3866
"Ženske";"Dobrovnik/Dobronak";707;699;687;666;661;662;656;654;667;658;656;665;671;670;665;670;662;654
"Ženske";"Dol pri Ljubljani";2773;2811;2835;2866;2886;2907;2918;2943;2970;2984;2990;3003;3012;3078;3123;3167;3179;3172
"Ženske";"Dolenjske Toplice";1700;1703;1705;1707;1703;1702;1684;1682;1692;1688;1704;1713;1715;1718;1710;1730;1751;1772
"Ženske";"Domžale";17347;17437;17487;17552;17626;17728;17812;17862;17911;18041;18069;18141;18132;18244;18370;18427;18524;18483
"Ženske";"Dornava";1473;1462;1443;1449;1431;1436;1447;1442;1423;1425;1432;1426;1426;1424;1406;1405;1401;1399
"Ženske";"Dravograd";4508;4503;4470;4445;4436;4418;4412;4426;4422;4467;4433;4436;4410;4410;4396;4417;4436;4445
"Ženske";"Duplek";3408;3400;3405;3416;3415;3437;3448;3448;3423;3465;3495;3492;3532;3524;3551;3546;3528;3523
"Ženske";"Gorenja vas - Poljane";3670;3676;3660;3670;3656;3660;3675;3707;3694;3727;3729;3738;3739;3722;3723;3722;3718;3762
"Ženske";"Gorišnica";2038;2022;2006;2023;2014;2002;2012;2003;1997;2004;2011;2015;2009;2006;1999;2005;2004;2017
"Ženske";"Gorje";1466;1444;1432;1436;1428;1429;1403;1388;1396;1404;1402;1403;1397;1381;1372;1373;1366;1385
"Ženske";"Gornja Radgona";4372;4368;4326;4285;4307;4321;4300;4275;4273;4271;4260;4242;4233;4231;4222;4207;4199;4196
"Ženske";"Gornji Grad";1366;1370;1354;1331;1331;1311;1290;1273;1262;1262;1261;1262;1269;1275;1269;1267;1244;1241
"Ženske";"Gornji Petrovci";1121;1115;1104;1096;1078;1081;1060;1057;1049;1049;1053;1042;1024;1005;1001;1002;1002;1001
"Ženske";"Grad";1126;1117;1119;1114;1109;1101;1103;1094;1097;1081;1067;1065;1057;1052;1041;1038;1027;1032
"Ženske";"Grosuplje";9623;9669;9717;9766;9793;9846;9877;9896;9940;9976;9999;10042;10082;10121;10161;10237;10282;10320
"Ženske";"Hajdina";1878;1891;1889;1892;1882;1892;1889;1891;1878;1874;1889;1887;1889;1884;1878;1896;1902;1893
"Ženske";"Hoèe - Slivnica";5483;5523;5527;5507;5544;5536;5518;5487;5530;5556;5556;5533;5557;5583;5583;5596;5617;5621
"Ženske";"Hodoš/Hodos";198;198;193;188;188;195;190;189;193;188;188;185;183;181;177;177;175;173
"Ženske";"Horjul";1449;1463;1463;1465;1464;1475;1480;1485;1509;1504;1503;1507;1521;1524;1521;1516;1511;1500
"Ženske";"Hrastnik";5083;5037;4962;4940;4885;4851;4815;4758;4736;4736;4712;4672;4664;4662;4632;4621;4613;4613
"Ženske";"Hrpelje - Kozina";2081;2110;2117;2101;2078;2080;2132;2146;2168;2176;2175;2176;2162;2166;2184;2191;2232;2243
"Ženske";"Idrija";5999;5985;5955;5987;5960;5962;5960;5931;5950;5930;5880;5874;5874;5836;5817;5817;5792;5812
"Ženske";"Ig";3420;3456;3487;3476;3498;3540;3562;3554;3573;3597;3655;3683;3681;3720;3720;3761;3754;3747
"Ženske";"Ilirska Bistrica";6947;6907;6912;6916;6890;6877;6828;6814;6781;6740;6713;6695;6649;6626;6601;6573;6559;6580
"Ženske";"Ivanèna Gorica";7771;7812;7825;7859;7864;7894;7952;7976;7960;8014;8079;8081;8103;8126;8173;8203;8245;8321
"Ženske";"Izola/Isola";7988;7996;7994;7974;7994;8000;8049;8065;8121;8081;8139;8149;8153;8158;8249;8240;8225;8287
"Ženske";"Jesenice";10717;10700;10692;10670;10649;10577;10517;10457;10419;10351;10357;10320;10327;10310;10369;10413;10487;10535
"Ženske";"Jezersko";320;319;320;324;328;326;326;325;320;313;313;309;312;311;315;319;314;324
"Ženske";"Juršinci";1162;1184;1174;1168;1174;1168;1167;1173;1167;1155;1158;1155;1149;1141;1146;1146;1153;1157
"Ženske";"Kamnik";14771;14856;14880;14885;14924;14960;14955;14946;14936;14935;14937;14918;14933;14933;14958;14982;14987;14967
"Ženske";"Kanal";2811;2798;2786;2769;2744;2734;2712;2715;2694;2673;2650;2653;2633;2630;2637;2629;2607;2605
"Ženske";"Kidrièevo";3452;3449;3441;3425;3403;3377;3360;3338;3322;3308;3307;3302;3306;3325;3334;3325;3329;3305
"Ženske";"Kobarid";2089;2101;2089;2086;2069;2056;2053;2065;2059;2050;2057;2060;2051;2040;2024;2012;2007;2015
"Ženske";"Kobilje";311;304;296;297;296;296;296;288;280;276;274;272;272;266;262;268;267;259
"Ženske";"Koèevje";8371;8340;8294;8275;8215;8138;8123;8130;8077;8039;7991;7986;7947;7889;7878;7873;7860;7872
"Ženske";"Komen";1800;1800;1787;1789;1792;1777;1788;1769;1773;1780;1764;1762;1762;1762;1763;1771;1758;1786
"Ženske";"Komenda";2843;2868;2890;2929;2945;2957;2969;2972;2989;2997;3041;3054;3089;3102;3102;3126;3161;3148
"Ženske";"Koper/Capodistria";26702;26743;26834;27051;27638;27521;25788;25888;25854;25968;26102;26172;26234;26249;26388;26478;26603;26717
"Ženske";"Kostanjevica na Krki";1207;1211;1211;1206;1193;1209;1220;1212;1206;1207;1216;1225;1215;1211;1217;1217;1212;1219
"Ženske";"Kostel";304;308;309;315;311;307;307;306;302;296;302;304;302;311;305;305;301;318
"Ženske";"Kozje";1605;1594;1580;1579;1550;1546;1543;1538;1535;1528;1515;1503;1505;1509;1499;1502;1470;1478
"Ženske";"Kranj";28085;28053;28086;28080;28120;28172;28201;28315;28326;28326;28353;28315;28212;28118;28223;28284;28374;28365
"Ženske";"Kranjska Gora";2687;2690;2689;2680;2695;2706;2678;2690;2675;2675;2662;2635;2599;2603;2596;2598;2588;2794
"Ženske";"Križevci";1851;1851;1828;1827;1799;1804;1784;1762;1747;1751;1745;1752;1722;1728;1720;1721;1722;1720
"Ženske";"Krško";12679;12689;12685;12664;12576;12580;12619;12658;12642;12692;12687;12640;12633;12643;12638;12666;12760;12732
"Ženske";"Kungota";2407;2404;2384;2394;2399;2385;2387;2384;2371;2361;2368;2362;2336;2319;2305;2326;2299;2334
"Ženske";"Kuzma";832;811;820;821;818;823;820;822;812;814;809;794;796;807;809;808;807;810
"Ženske";"Laško";6881;6854;6824;6822;6767;6739;6723;6728;6661;6673;6646;6644;6605;6570;6542;6531;6546;6562
"Ženske";"Lenart";4117;4092;4112;4088;4138;4127;4118;4109;4139;4134;4129;4137;4161;4174;4207;4198;4215;4224
"Ženske";"Lendava/Lendva";5680;5625;5517;5497;5439;5436;5409;5389;5372;5376;5361;5324;5328;5317;5286;5276;5247;5272
"Ženske";"Litija";7449;7472;7491;7510;7516;7492;7542;7537;7557;7625;7618;7677;7653;7668;7635;7661;7703;7718
"Ženske";"Ljubljana";145876;145547;147287;146953;148968;149096;149421;149304;149743;149323;149655;149114;149741;149708;151081;151155;151638;150664
"Ženske";"Ljubno";1357;1346;1329;1324;1314;1315;1309;1306;1297;1283;1271;1266;1258;1277;1262;1259;1261;1272
"Ženske";"Ljutomer";6018;5981;5915;5899;5870;5892;5856;5835;5815;5773;5733;5723;5679;5686;5644;5630;5630;5619
"Ženske";"Log - Dragomer";1799;1800;1804;1821;1794;1780;1797;1806;1796;1800;1821;1817;1812;1829;1830;1826;1832;1832
"Ženske";"Logatec";6630;6713;6758;6743;6757;6786;6807;6827;6820;6853;6833;6891;6912;6947;6972;7006;7061;7078
"Ženske";"Loška dolina";1890;1897;1887;1886;1881;1870;1861;1867;1855;1856;1860;1858;1830;1830;1817;1830;1822;1813
"Ženske";"Loški Potok";987;976;968;975;949;937;946;941;937;934;931;920;918;909;892;895;881;894
"Ženske";"Lovrenc na Pohorju";1550;1551;1532;1546;1548;1554;1555;1555;1540;1538;1517;1499;1481;1471;1457;1455;1439;1452
"Ženske";"Luèe";760;756;751;751;738;727;726;742;743;736;738;729;730;729;718;713;715;716
"Ženske";"Lukovica";2692;2714;2734;2757;2784;2789;2807;2825;2850;2861;2855;2872;2887;2888;2892;2901;2898;2900
"Ženske";"Majšperk";1991;1994;1972;1975;1938;1943;1968;1995;1968;1972;1968;1949;1952;1934;1937;1951;1931;1917
"Ženske";"Makole";1039;1020;1011;992;1008;1000;1004;1004;1010;1009;1010;1002;1001;1003;992;994;988;995
"Ženske";"Maribor";57181;56828;57039;56796;57303;57063;57233;56812;56937;56455;56762;56378;56554;56216;56798;56656;56851;56509
"Ženske";"Markovci";2034;2038;2039;2061;2035;2035;2047;2047;2046;2053;2045;2061;2031;2041;2045;2033;2042;2028
"Ženske";"Medvode";7933;7955;8031;8024;8045;8063;8069;8093;8123;8169;8203;8251;8290;8360;8352;8394;8429;8391
"Ženske";"Mengeš";3858;3851;3890;3958;3950;3934;3978;4008;4022;4017;4028;4093;4106;4102;4172;4155;4208;4251
"Ženske";"Metlika";4191;4179;4145;4156;4155;4140;4153;4145;4138;4126;4099;4108;4092;4096;4100;4100;4090;4096
"Ženske";"Mežica";1811;1806;1808;1805;1814;1811;1801;1782;1779;1760;1760;1761;1743;1741;1736;1726;1728;1733
"Ženske";"Miklavž na Dravskem polju";3225;3258;3244;3252;3263;3282;3285;3309;3315;3309;3315;3304;3304;3324;3351;3352;3374;3377
"Ženske";"Miren - Kostanjevica";2432;2395;2414;2436;2416;2417;2406;2406;2403;2394;2402;2417;2419;2423;2445;2463;2466;2465
"Ženske";"Mirna";1314;1304;1302;1300;1291;1303;1272;1274;1267;1277;1292;1304;1289;1291;1299;1301;1310;1325
"Ženske";"Mirna Peè";1407;1404;1404;1405;1423;1408;1403;1417;1419;1427;1424;1434;1448;1451;1464;1467;1460;1481
"Ženske";"Mislinja";2298;2307;2298;2296;2286;2290;2279;2282;2298;2299;2281;2296;2295;2277;2266;2275;2284;2280
"Ženske";"Mokronog - Trebelno";1491;1498;1509;1534;1526;1518;1523;1526;1526;1528;1533;1525;1525;1531;1537;1539;1542;1560
"Ženske";"Moravèe";2574;2571;2576;2579;2590;2599;2616;2640;2651;2641;2670;2674;2685;2696;2715;2729;2736;2745
"Ženske";"Moravske Toplice";2990;3002;2988;2978;2955;2944;2939;2956;2927;2924;2929;2918;2915;2896;2900;2920;2931;2948
"Ženske";"Mozirje";2073;2086;2063;2071;2041;2043;2026;2047;2061;2056;2032;2045;2085;2090;2087;2106;2109;2138
"Ženske";"Murska Sobota";10186;10135;10089;10062;9996;9920;9921;9898;9903;9932;9919;9907;9854;9851;9826;9810;9800;9753
"Ženske";"Muta";1746;1751;1723;1714;1704;1714;1696;1681;1667;1675;1685;1687;1673;1675;1678;1678;1683;1686
"Ženske";"Naklo";2651;2666;2679;2687;2655;2667;2677;2667;2660;2663;2682;2688;2706;2694;2699;2685;2667;2691
"Ženske";"Nazarje";1296;1289;1290;1280;1260;1264;1256;1243;1267;1287;1276;1279;1277;1285;1302;1295;1302;1302
"Ženske";"Nova Gorica";16240;16237;16248;16177;16113;16095;16128;16106;16105;16109;16105;16075;15990;15980;15947;15933;15863;15845
"Ženske";"Novo mesto";18225;18262;18263;18327;18272;18232;18323;18308;18402;18342;18292;18323;18430;18358;18520;18530;18629;18551
"Ženske";"Odranci";825;820;814;814;809;822;820;816;816;818;823;818;820;826;827;827;814;814
"Ženske";"Oplotnica";2000;1990;2007;1998;1987;2010;2008;2005;2017;2035;2018;2008;2001;2012;2014;2021;2025;2016
"Ženske";"Ormož";6329;6333;6299;6269;6204;6214;6188;6185;6141;6140;6101;6085;6038;6043;5955;5963;5932;5927
"Ženske";"Osilnica";180;183;173;171;174;166;166;169;171;167;173;168;168;165;170;166;154;153
"Ženske";"Pesnica";3749;3778;3771;3740;3716;3742;3733;3699;3685;3690;3657;3657;3622;3591;3609;3597;3609;3627
"Ženske";"Piran/Pirano";9031;9025;9099;9038;9044;9031;9074;9068;9070;9048;9041;8988;9028;8998;8985;8967;8965;9156
"Ženske";"Pivka";2932;2945;2968;2969;2971;2972;2955;2953;2959;2975;2964;2961;2935;2960;2970;2957;2961;2949
"Ženske";"Podèetrtek";1655;1659;1647;1650;1635;1632;1631;1648;1631;1625;1642;1633;1641;1667;1676;1675;1667;1704
"Ženske";"Podlehnik";934;952;927;922;917;908;903;909;906;883;893;889;882;891;875;879;893;894
"Ženske";"Podvelka";1214;1203;1212;1182;1171;1162;1152;1159;1135;1139;1150;1150;1141;1140;1140;1135;1133;1146
"Ženske";"Poljèane";2413;2399;2380;2349;2304;2297;2303;2303;2291;2297;2279;2271;2250;2267;2277;2294;2288;2300
"Ženske";"Polzela";3071;3092;3085;3096;3118;3132;3128;3145;3153;3162;3185;3198;3180;3170;3167;3185;3202;3252
"Ženske";"Postojna";7855;7882;7880;7903;7930;7936;7977;7992;7997;8003;8028;8043;8052;8040;8080;8110;8113;8124
"Ženske";"Prebold";2511;2507;2521;2501;2516;2504;2496;2503;2513;2537;2551;2551;2553;2549;2547;2554;2541;2555
"Ženske";"Preddvor";1829;1843;1836;1825;1821;1820;1829;1837;1843;1845;1847;1854;1872;1883;1884;1887;1899;1919
"Ženske";"Prevalje";3459;3475;3453;3463;3446;3433;3442;3434;3437;3438;3433;3433;3435;3437;3404;3413;3393;3409
"Ženske";"Ptuj";12148;12084;12016;11923;11850;11830;11746;11719;11700;11647;11628;11651;11673;11635;11623;11635;11653;11649
"Ženske";"Puconci";3163;3145;3142;3135;3124;3101;3089;3075;3065;3039;3040;3041;3044;3017;2999;2999;2972;2969
"Ženske";"Raèe - Fram";3477;3528;3538;3528;3545;3543;3566;3567;3569;3581;3585;3605;3647;3662;3691;3725;3761;3761
"Ženske";"Radeèe";2257;2253;2221;2202;2197;2182;2164;2176;2169;2168;2150;2126;2135;2133;2099;2121;2106;2098
"Ženske";"Radenci";2654;2675;2675;2671;2652;2652;2649;2647;2613;2637;2640;2614;2618;2630;2600;2586;2581;2595
"Ženske";"Radlje ob Dravi";3141;3107;3132;3133;3108;3123;3094;3089;3073;3073;3045;3062;3057;3058;3035;3046;3033;3037
"Ženske";"Radovljica";9798;9791;9742;9724;9733;9729;9746;9682;9658;9672;9670;9708;9702;9696;9750;9761;9725;9712
"Ženske";"Ravne na Koroškem";5749;5750;5706;5690;5631;5605;5626;5640;5620;5601;5582;5590;5553;5544;5530;5500;5503;5494
"Ženske";"Razkrižje";668;674;670;665;642;633;627;636;632;640;633;636;625;622;613;616;622;632
"Ženske";"Reèica ob Savinji";1127;1121;1120;1127;1133;1143;1147;1142;1124;1109;1102;1086;1074;1078;1083;1080;1079;1099
"Ženske";"Renèe - Vogrsko";2115;2124;2128;2109;2124;2120;2115;2123;2124;2145;2165;2152;2142;2163;2159;2157;2165;2178
"Ženske";"Ribnica";4637;4626;4604;4604;4604;4595;4587;4599;4609;4629;4620;4606;4605;4630;4638;4660;4659;4715
"Ženske";"Ribnica na Pohorju";596;595;591;583;579;581;577;588;588;593;597;601;581;564;555;553;551;555
"Ženske";"Rogaška Slatina";5468;5477;5514;5540;5497;5502;5488;5466;5479;5504;5447;5462;5438;5430;5433;5460;5447;5469
"Ženske";"Rogašovci";1657;1638;1622;1613;1613;1614;1603;1593;1584;1558;1557;1573;1573;1559;1547;1555;1533;1539
"Ženske";"Rogatec";1580;1581;1562;1572;1563;1560;1542;1537;1552;1548;1527;1540;1521;1526;1515;1514;1532;1511
"Ženske";"Ruše";3593;3586;3566;3565;3564;3561;3567;3533;3541;3516;3500;3528;3532;3522;3525;3498;3463;3465
"Ženske";"Selnica ob Dravi";2265;2264;2255;2243;2217;2234;2246;2246;2232;2218;2213;2211;2215;2217;2217;2208;2199;2211
"Ženske";"Semiè";1917;1897;1891;1891;1883;1889;1881;1858;1856;1858;1858;1852;1840;1845;1871;1863;1870;1874
"Ženske";"Sevnica";8703;8687;8629;8635;8607;8635;8616;8634;8601;8591;8592;8601;8564;8558;8571;8552;8540;8574
"Ženske";"Sežana";6471;6467;6471;6494;6504;6487;6505;6539;6575;6553;6569;6556;6601;6585;6623;6660;6665;6735
"Ženske";"Slovenj Gradec";8456;8445;8462;8493;8425;8409;8394;8392;8395;8389;8338;8324;8266;8275;8261;8256;8253;8253
"Ženske";"Slovenska Bistrica";12688;12704;12704;12687;12692;12778;12840;12847;12875;12866;12896;12930;12928;12922;12914;12897;12897;12912
"Ženske";"Slovenske Konjice";7166;7165;7157;7169;7144;7160;7202;7215;7185;7216;7203;7234;7253;7281;7248;7266;7280;7335
"Ženske";"Sodražica";1054;1064;1070;1064;1060;1060;1075;1076;1074;1072;1074;1069;1067;1078;1075;1077;1077;1097
"Ženske";"Solèava";262;265;269;271;264;261;254;254;258;265;263;266;259;264;261;262;256;261
"Ženske";"Središèe ob Dravi";1091;1077;1073;1053;1032;1036;1033;1040;1034;1017;1021;1015;996;979;961;956;963;976
"Ženske";"Starše";2127;2101;2099;2084;2092;2088;2088;2087;2099;2088;2061;2068;2037;2033;2026;2029;2034;2018
"Ženske";"Straža";1943;1946;1950;1946;1928;1939;1917;1915;1907;1914;1917;1923;1919;1901;1902;1887;1887;1890
"Ženske";"Sveta Ana";1173;1180;1179;1169;1164;1163;1169;1168;1157;1168;1164;1153;1150;1134;1142;1150;1143;1141
"Ženske";"Sveta Trojica v Slov. goricah";1049;1045;1037;1031;1031;1015;1008;1010;1005;1005;1009;1001;1007;1003;1012;1013;1012;1020
"Ženske";"Sveti Andraž v Slov. goricah";581;564;557;561;568;565;567;567;562;558;549;553;558;566;568;570;562;565
"Ženske";"Sveti Jurij ob Šèavnici";1460;1457;1452;1446;1426;1435;1438;1445;1426;1429;1413;1425;1412;1416;1401;1398;1395;1396
"Ženske";"Sveti Jurij v Slov. goricah";1026;1028;1030;1018;1020;1007;1022;1020;1021;1030;1031;1031;1009;1009;1006;1013;1014;1019
"Ženske";"Sveti Tomaž";1082;1073;1091;1083;1055;1061;1048;1044;1036;1020;1007;1011;1006;1011;1008;994;990;999
"Ženske";"Šalovci";787;784;783;771;768;764;743;736;730;724;718;716;701;694;689;685;682;684
"Ženske";"Šempeter - Vrtojba";3164;3205;3191;3209;3183;3195;3184;3163;3164;3160;3147;3123;3091;3111;3136;3134;3159;3127
"Ženske";"Šenèur";4261;4277;4254;4235;4243;4241;4267;4277;4307;4271;4247;4282;4285;4300;4308;4324;4334;4321
"Ženske";"Šentilj";4239;4243;4239;4258;4258;4222;4229;4216;4216;4241;4224;4188;4223;4222;4229;4210;4196;4190
"Ženske";"Šentjernej";3428;3436;3443;3450;3448;3445;3467;3468;3476;3494;3515;3524;3506;3527;3518;3524;3550;3556
"Ženske";"Šentjur";9518;9563;9539;9528;9476;9512;9535;9552;9525;9544;9531;9556;9520;9536;9519;9532;9530;9564
"Ženske";"Šentrupert";1177;1164;1168;1167;1167;1170;1172;1177;1182;1193;1178;1196;1221;1197;1193;1197;1196;1217
"Ženske";"Škocjan";1579;1590;1609;1600;1588;1595;1593;1600;1604;1599;1600;1591;1592;1598;1595;1611;1601;1630
"Ženske";"Škofja Loka";11655;11666;11681;11703;11687;11664;11675;11687;11677;11690;11676;11659;11673;11686;11709;11790;11796;11782
"Ženske";"Škofljica";4737;4832;4917;4994;5061;5127;5183;5254;5352;5412;5496;5534;5571;5596;5621;5713;5764;5795
"Ženske";"Šmarje pri Jelšah";5197;5230;5232;5210;5183;5175;5137;5171;5152;5170;5161;5166;5129;5140;5129;5154;5143;5121
"Ženske";"Šmarješke Toplice";1612;1629;1638;1641;1624;1653;1648;1649;1666;1652;1662;1650;1661;1669;1694;1679;1685;1712
"Ženske";"Šmartno ob Paki";1585;1603;1603;1618;1610;1615;1609;1609;1618;1615;1606;1609;1609;1622;1624;1622;1612;1614
"Ženske";"Šmartno pri Litiji";2705;2722;2704;2701;2682;2704;2706;2723;2698;2724;2735;2739;2751;2748;2759;2765;2775;2796
"Ženske";"Šoštanj";4249;4248;4245;4257;4224;4236;4229;4243;4234;4217;4206;4239;4263;4267;4256;4280;4292;4295
"Ženske";"Štore";2112;2115;2128;2117;2112;2128;2138;2116;2122;2121;2120;2122;2118;2142;2161;2176;2164;2127
"Ženske";"Tabor";801;804;797;807;799;809;817;804;804;803;800;812;812;801;791;803;814;805
"Ženske";"Tišina";2101;2099;2090;2088;2078;2083;2078;2075;2052;2033;2029;2020;2010;2001;1995;2010;2018;2005
"Ženske";"Tolmin";5811;5812;5785;5771;5712;5696;5659;5632;5579;5553;5533;5548;5509;5490;5470;5454;5441;5444
"Ženske";"Trbovlje";8680;8646;8620;8589;8515;8501;8483;8450;8371;8339;8295;8261;8219;8207;8191;8190;8182;8140
"Ženske";"Trebnje";5856;5918;5909;5922;5925;5939;5972;5983;6074;6101;6129;6164;6182;6252;6255;6296;6313;6349
"Ženske";"Trnovska vas";669;667;655;649;652;641;635;641;642;651;658;666;663;659;659;659;677;669
"Ženske";"Trzin";1956;1949;1967;1986;1969;1965;1957;1961;1977;1979;1968;1969;1964;1966;1980;1984;1964;1962
"Ženske";"Tržiè";7677;7666;7619;7606;7574;7574;7572;7560;7542;7536;7548;7508;7487;7494;7508;7482;7508;7494
"Ženske";"Turnišèe";1724;1701;1705;1714;1701;1683;1675;1668;1654;1659;1652;1625;1614;1616;1617;1598;1587;1608
"Ženske";"Velenje";16154;16147;16168;16183;16161;16192;16151;16182;16206;16197;16154;16194;16188;16241;16324;16402;16448;16460
"Ženske";"Velika Polana";758;751;740;742;738;727;732;731;725;739;722;724;719;719;706;701;690;685
"Ženske";"Velike Lašèe";2034;2054;2067;2064;2053;2046;2065;2082;2082;2112;2119;2126;2116;2121;2139;2140;2155;2180
"Ženske";"Veržej";648;644;655;665;660;651;654;651;653;651;663;657;647;653;650;649;661;667
"Ženske";"Videm";2777;2769;2743;2738;2701;2666;2651;2658;2646;2654;2649;2637;2622;2626;2622;2622;2625;2637
"Ženske";"Vipava";2816;2811;2794;2807;2810;2818;2813;2821;2821;2821;2827;2822;2795;2803;2793;2806;2834;2872
"Ženske";"Vitanje";1108;1096;1096;1095;1078;1084;1082;1090;1089;1087;1093;1090;1077;1086;1072;1069;1068;1076
"Ženske";"Vodice";2380;2387;2415;2421;2431;2432;2405;2417;2411;2412;2413;2425;2414;2427;2444;2459;2457;2450
"Ženske";"Vojnik";4261;4311;4312;4308;4307;4353;4377;4378;4400;4431;4414;4438;4418;4440;4400;4417;4420;4447
"Ženske";"Vransko";1332;1365;1355;1327;1315;1307;1311;1303;1306;1314;1320;1316;1308;1299;1307;1306;1305;1306
"Ženske";"Vrhnika";8304;8334;8364;8399;8373;8403;8432;8449;8497;8479;8519;8545;8543;8594;8656;8687;8706;8741
"Ženske";"Vuzenica";1358;1356;1353;1349;1337;1339;1344;1346;1337;1323;1335;1332;1340;1340;1319;1314;1316;1312
"Ženske";"Zagorje ob Savi";8650;8661;8580;8578;8497;8511;8486;8482;8450;8442;8378;8378;8342;8312;8284;8281;8241;8203
"Ženske";"Zavrè";744;751;741;722;704;705;698;698;687;686;687;687;675;674;667;672;652;665
"Ženske";"Zreèe";3120;3126;3102;3114;3108;3125;3111;3131;3143;3166;3151;3127;3138;3154;3149;3162;3154;3180
"Ženske";"Žalec";10810;10814;10729;10726;10646;10652;10674;10706;10699;10679;10646;10675;10664;10669;10647;10633;10667;10673
"Ženske";"Železniki";3322;3314;3313;3325;3301;3304;3294;3270;3258;3253;3247;3266;3258;3251;3225;3228;3226;3222
"Ženske";"Žetale";645;641;644;645;643;647;643;636;628;620;624;624;623;622;611;605;613;608
"Ženske";"Žiri";2502;2513;2501;2486;2478;2478;2452;2470;2456;2441;2440;2450;2445;2439;2431;2438;2449;2465
"Ženske";"Žirovnica";2207;2215;2202;2207;2204;2201;2202;2208;2214;2188;2214;2213;2209;2205;2208;2199;2203;2215
"Ženske";"Žužemberk";2254;2269;2259;2256;2254;2262;2246;2257;2271;2272;2272;2281;2277;2281;2274;2276;2323;2313
