"Prebivalstvo, staro 15 ali veè let, po izobrazbi in spolu, obèine, letno"

"SPOL";"OBÈINE";"2017 Osnovnošolska ali manj - Skupaj";"2017 Srednješolska - Skupaj";"2017 Visokošolska 1. stopnje ipd.";"2017 Visokošolska 2. stopnje ipd.";"2017 Visokošolska 3. stopnje ipd.";"2018 Osnovnošolska ali manj - Skupaj";"2018 Srednješolska - Skupaj";"2018 Visokošolska 1. stopnje ipd.";"2018 Visokošolska 2. stopnje ipd.";"2018 Visokošolska 3. stopnje ipd.";"2019 Osnovnošolska ali manj - Skupaj";"2019 Srednješolska - Skupaj";"2019 Visokošolska 1. stopnje ipd.";"2019 Visokošolska 2. stopnje ipd.";"2019 Visokošolska 3. stopnje ipd.";"2020 Osnovnošolska ali manj - Skupaj";"2020 Srednješolska - Skupaj";"2020 Visokošolska 1. stopnje ipd.";"2020 Visokošolska 2. stopnje ipd.";"2020 Visokošolska 3. stopnje ipd."
"Spol - SKUPAJ";"SLOVENIJA";431161;919143;190007;181998;34992;419278;920661;194753;185719;35792;406998;932871;200035;190400;36898;403570;940600;205043;193449;37397
"Spol - SKUPAJ";"Ajdovšèina";4531;7952;1580;1578;232;4398;7999;1623;1614;237;4235;8146;1649;1677;257;4228;8229;1690;1714;255
"Spol - SKUPAJ";"Ankaran/Ancarano";615;1382;369;352;101;586;1373;375;360;101;546;1404;373;363;103;554;1405;380;370;103
"Spol - SKUPAJ";"Apaèe";1056;1638;200;144;16;1029;1647;211;138;17;1006;1641;218;145;18;981;1661;223;149;19
"Spol - SKUPAJ";"Beltinci";2198;3752;619;446;45;2128;3729;635;458;47;2062;3721;644;456;49;2004;3715;669;463;51
"Spol - SKUPAJ";"Benedikt";658;1114;165;113;12;645;1133;170;119;13;606;1185;178;125;14;604;1213;194;130;13
"Spol - SKUPAJ";"Bistrica ob Sotli";428;535;106;87;7;417;544;101;92;7;388;555;101;88;6;370;569;107;92;7
"Spol - SKUPAJ";"Bled";1121;3758;832;988;179;1065;3693;857;989;179;1007;3685;881;1009;172;1005;3698;899;1028;178
"Spol - SKUPAJ";"Bloke";351;674;139;116;15;339;670;147;118;17;325;700;148;123;17;309;708;153;126;16
"Spol - SKUPAJ";"Bohinj";895;2624;435;391;68;869;2601;452;387;72;820;2615;467;397;75;815;2629;475;419;71
"Spol - SKUPAJ";"Borovnica";833;1969;413;339;54;810;1954;427;352;68;794;2001;429;369;68;819;2029;439;375;71
"Spol - SKUPAJ";"Bovec";831;1371;247;231;28;807;1395;254;225;26;786;1374;272;236;29;766;1401;285;248;30
"Spol - SKUPAJ";"Braslovèe";1133;2391;556;481;91;1109;2370;566;488;92;1056;2383;576;506;99;1040;2435;592;539;103
"Spol - SKUPAJ";"Brda";1390;2549;479;415;43;1326;2546;509;425;48;1256;2564;527;428;46;1223;2570;529;439;51
"Spol - SKUPAJ";"Brezovica";1976;5230;1221;1231;281;1905;5261;1291;1254;295;1874;5368;1326;1304;319;1858;5572;1379;1306;322
"Spol - SKUPAJ";"Brežice";5334;11390;2089;1844;205;5242;11285;2124;1887;216;5017;11386;2154;1937;223;4894;11425;2191;1961;215
"Spol - SKUPAJ";"Cankova";595;755;128;93;7;566;748;126;100;7;558;742;132;98;7;542;744;128;106;7
"Spol - SKUPAJ";"Celje";9289;22370;4877;4807;930;9008;22511;4965;4849;948;8822;22577;5083;4916;954;8804;22601;5150;4951;950
"Spol - SKUPAJ";"Cerklje na Gorenjskem";1636;3216;741;562;100;1595;3250;760;575;101;1526;3280;789;600;105;1542;3305;818;650;105
"Spol - SKUPAJ";"Cerknica";2324;5135;1068;1037;118;2240;5118;1107;1057;128;2148;5190;1141;1083;137;2119;5216;1179;1092;144
"Spol - SKUPAJ";"Cerkno";1407;1838;353;290;46;1342;1852;375;292;46;1298;1849;377;307;49;1274;1829;383;312;49
"Spol - SKUPAJ";"Cerkvenjak";636;928;118;79;8;602;916;125;81;7;569;946;132;88;7;552;978;145;86;9
"Spol - SKUPAJ";"Cirkulane";648;1159;129;92;7;619;1185;123;84;9;606;1250;129;88;8;583;1229;126;95;9
"Spol - SKUPAJ";"Èrenšovci";1149;1711;261;212;21;1121;1715;259;207;21;1096;1746;271;214;22;1083;1775;274;215;25
"Spol - SKUPAJ";"Èrna na Koroškem";994;1566;210;149;16;986;1565;215;157;16;944;1586;209;160;18;922;1584;216;163;16
"Spol - SKUPAJ";"Èrnomelj";3749;6376;1250;843;76;3670;6366;1276;844;81;3527;6470;1297;850;77;3452;6434;1302;870;79
"Spol - SKUPAJ";"Destrnik";734;1147;155;125;14;725;1143;174;127;14;697;1186;180;125;13;674;1234;192;128;15
"Spol - SKUPAJ";"Divaèa";928;1815;359;301;42;876;1891;377;310;47;844;1937;399;323;48;850;1962;398;332;45
"Spol - SKUPAJ";"Dobje";313;369;82;44;4;295;380;82;48;5;274;391;79;49;7;268;383;83;49;7
"Spol - SKUPAJ";"Dobrepolje";934;1762;302;224;30;927;1754;319;227;30;883;1769;323;235;31;840;1822;330;232;33
"Spol - SKUPAJ";"Dobrna";548;1009;191;116;26;517;1019;192;118;26;498;1032;200;119;26;487;1033;209;121;23
"Spol - SKUPAJ";"Dobrova - Polhov Gradec";1460;3224;725;640;150;1440;3263;744;658;154;1402;3281;772;670;156;1390;3343;826;684;161
"Spol - SKUPAJ";"Dobrovnik/Dobronak";373;563;85;70;8;367;565;93;74;8;358;568;91;80;8;346;581;94;77;10
"Spol - SKUPAJ";"Dol pri Ljubljani";969;2503;607;586;141;964;2520;629;603;142;916;2600;681;660;148;943;2638;688;689;152
"Spol - SKUPAJ";"Dolenjske Toplice";772;1527;349;234;30;747;1494;369;248;31;727;1531;369;268;32;718;1580;377;271;30
"Spol - SKUPAJ";"Domžale";6220;15320;3547;3487;804;6045;15439;3688;3575;813;5989;15656;3833;3725;836;6002;15780;3966;3783;852
"Spol - SKUPAJ";"Dornava";824;1334;187;140;9;813;1323;192;142;8;777;1338;205;149;7;776;1350;212;152;9
"Spol - SKUPAJ";"Dravograd";2080;4168;712;544;61;2001;4171;740;545;60;1880;4217;764;554;61;1862;4302;781;571;61
"Spol - SKUPAJ";"Duplek";1374;3392;581;373;53;1349;3435;595;390;55;1293;3479;608;397;56;1272;3519;632;404;56
"Spol - SKUPAJ";"Gorenja vas - Poljane";1667;3099;648;446;57;1624;3117;691;463;61;1531;3180;719;456;66;1496;3212;734;466;62
"Spol - SKUPAJ";"Gorišnica";939;1881;317;204;28;909;1935;326;210;35;886;1993;329;222;33;847;2032;351;227;33
"Spol - SKUPAJ";"Gorje";485;1383;259;212;27;471;1363;266;212;29;462;1360;271;213;28;448;1363;278;214;30
"Spol - SKUPAJ";"Gornja Radgona";2196;3899;670;535;53;2113;3898;706;526;50;2048;3940;720;538;51;1991;3977;744;550;48
"Spol - SKUPAJ";"Gornji Grad";752;1123;182;126;13;728;1134;191;128;13;662;1163;200;124;14;636;1139;214;130;15
"Spol - SKUPAJ";"Gornji Petrovci";808;813;127;71;17;763;807;128;75;16;731;815;122;74;15;710;834;127;81;15
"Spol - SKUPAJ";"Grad";846;853;99;68;3;829;869;106;63;3;785;868;115;65;3;753;854;123;62;4
"Spol - SKUPAJ";"Grosuplje";3525;8754;2040;1828;433;3511;8943;2107;1891;440;3474;9154;2192;1955;445;3460;9350;2258;1963;453
"Spol - SKUPAJ";"Hajdina";724;1857;366;226;33;694;1882;371;230;32;667;1915;385;245;37;669;1974;393;249;36
"Spol - SKUPAJ";"Hoèe - Slivnica";1903;5574;1069;939;161;1825;5702;1088;967;170;1783;5989;1121;1008;178;1802;5852;1153;1045;182
"Spol - SKUPAJ";"Hodoš/Hodos";200;110;13;9;0;197;112;12;9;0;189;108;12;9;0;192;106;12;9;0
"Spol - SKUPAJ";"Horjul";576;1348;251;226;50;564;1362;266;223;53;550;1377;276;219;53;539;1391;277;221;54
"Spol - SKUPAJ";"Hrastnik";2578;4285;776;438;43;2488;4281;782;436;42;2398;4291;805;451;43;2332;4313;825;467;43
"Spol - SKUPAJ";"Hrpelje - Kozina";1073;1979;359;312;39;1049;2008;375;317;42;1027;2053;381;333;45;1021;2112;412;347;48
"Spol - SKUPAJ";"Idrija";3057;4836;1081;933;154;2976;4870;1077;960;150;2882;4921;1089;984;153;2915;4911;1107;1000;157
"Spol - SKUPAJ";"Ig";1403;3215;675;562;130;1406;3201;700;592;131;1369;3259;731;605;138;1383;3295;758;630;149
"Spol - SKUPAJ";"Ilirska Bistrica";3344;6207;1145;909;101;3155;6186;1158;921;105;3032;6257;1193;924;106;2974;6252;1214;937;107
"Spol - SKUPAJ";"Ivanèna Gorica";3163;7327;1566;1206;189;3041;7412;1627;1292;198;2948;7538;1720;1325;216;2907;7628;1787;1372;215
"Spol - SKUPAJ";"Izola/Isola";3487;7026;1494;1516;233;3421;7006;1550;1534;241;3408;7120;1597;1586;257;3460;7151;1622;1637;270
"Spol - SKUPAJ";"Jesenice";5068;10189;1399;971;128;4965;10208;1462;998;127;4895;10407;1486;1007;128;5010;10538;1522;1028;128
"Spol - SKUPAJ";"Jezersko";111;293;58;56;9;106;298;59;56;8;106;303;63;59;7;104;295;59;65;7
"Spol - SKUPAJ";"Juršinci";732;1045;145;82;9;713;1053;146;83;11;683;1066;149;79;10;657;1077;159;80;11
"Spol - SKUPAJ";"Kamnik";6199;12652;2668;2402;459;6099;12646;2788;2447;474;6001;12824;2806;2515;481;5951;13016;2888;2532;487
"Spol - SKUPAJ";"Kanal";1005;2830;423;334;40;974;2816;435;337;41;953;2818;452;330;44;927;2823;465;336;46
"Spol - SKUPAJ";"Kidrièevo";1405;3112;580;389;38;1346;3155;575;409;40;1288;3171;604;417;39;1267;3225;617;421;40
"Spol - SKUPAJ";"Kobarid";1054;1770;346;325;26;1009;1770;351;351;26;956;1788;356;356;30;943;1768;366;362;31
"Spol - SKUPAJ";"Kobilje";168;257;39;21;3;164;259;37;23;3;155;254;37;22;3;151;252;40;27;3
"Spol - SKUPAJ";"Koèevje";4069;7403;1153;858;96;3981;7325;1190;861;95;3863;7343;1202;870;103;3783;7362;1233;874;107
"Spol - SKUPAJ";"Komen";752;1608;323;313;50;731;1603;342;317;52;699;1601;356;324;53;689;1596;355;328;54
"Spol - SKUPAJ";"Komenda";972;2507;578;638;130;954;2528;599;670;135;939;2601;605;673;138;932;2669;627;685;141
"Spol - SKUPAJ";"Koper/Capodistria";11008;22838;4693;4605;729;10800;23118;4817;4732;747;10332;23646;4946;4844;790;10257;23869;5105;4918;809
"Spol - SKUPAJ";"Kostanjevica na Krki";578;1065;202;172;16;574;1077;206;177;16;564;1084;206;186;19;560;1077;217;185;18
"Spol - SKUPAJ";"Kostel";146;312;59;45;7;146;310;65;45;7;134;315;68;46;6;137;308;70;47;6
"Spol - SKUPAJ";"Kozje";993;1266;214;153;20;947;1281;215;149;19;907;1306;230;152;18;878;1279;243;155;16
"Spol - SKUPAJ";"Kranj";10652;24256;5334;5676;1081;10477;24129;5414;5782;1088;10273;24351;5553;5857;1106;10667;24529;5693;5915;1091
"Spol - SKUPAJ";"Kranjska Gora";775;2732;569;472;103;733;2711;578;469;101;726;2697;581;483;102;738;2692;592;486;107
"Spol - SKUPAJ";"Križevci";1080;1612;274;173;23;1017;1614;273;182;24;994;1618;287;195;24;964;1606;303;194;25
"Spol - SKUPAJ";"Krško";6207;11362;2190;1799;174;6027;11427;2234;1840;168;5883;11652;2247;1850;181;5913;11699;2302;1907;179
"Spol - SKUPAJ";"Kungota";1036;2275;408;323;61;1011;2281;419;340;60;972;2262;436;343;60;974;2244;449;349;61
"Spol - SKUPAJ";"Kuzma";605;595;90;55;5;583;590;83;54;5;589;597;87;61;6;561;610;98;62;4
"Spol - SKUPAJ";"Laško";3520;5852;1099;715;110;3439;5841;1123;747;111;3286;5905;1129;761;116;3220;5947;1173;789;122
"Spol - SKUPAJ";"Lenart";1934;3733;658;607;88;1909;3766;674;614;94;1862;3926;686;620;99;1818;3948;728;651;98
"Spol - SKUPAJ";"Lendava/Lendva";2789;4863;842;726;115;2709;4832;845;730;112;2623;4867;877;725;115;2565;4938;881;722;114
"Spol - SKUPAJ";"Litija";3519;6869;1313;962;152;3465;6893;1366;989;153;3336;6961;1409;1024;153;3273;7068;1451;1037;159
"Spol - SKUPAJ";"Ljubljana";44273;118345;30020;42869;12013;43130;117936;30694;43585;12265;42307;119218;31722;44751;12621;42297;120180;32337;45241;12775
"Spol - SKUPAJ";"Ljubno";703;1128;224;130;15;674;1116;228;136;16;629;1131;240;136;17;588;1160;247;137;16
"Spol - SKUPAJ";"Ljutomer";2943;5189;856;700;88;2882;5204;859;713;93;2784;5223;880;717;96;2752;5232;914;726;93
"Spol - SKUPAJ";"Log - Dragomer";495;1593;396;474;137;480;1571;416;483;133;486;1585;415;499;140;469;1603;419;504;138
"Spol - SKUPAJ";"Logatec";2927;5672;1286;1168;246;2877;5752;1341;1191;245;2772;5852;1387;1236;269;2725;5994;1438;1277;272
"Spol - SKUPAJ";"Loška dolina";1061;1644;343;203;36;994;1617;342;202;35;988;1638;343;205;37;979;1654;345;210;41
"Spol - SKUPAJ";"Loški Potok";558;842;123;81;9;538;836;121;85;8;513;832;127;78;9;494;833;132;81;9
"Spol - SKUPAJ";"Lovrenc na Pohorju";779;1433;240;155;28;762;1412;246;158;26;717;1414;248;164;24;684;1429;252;166;25
"Spol - SKUPAJ";"Luèe";477;608;119;60;2;470;605;117;59;2;455;616;119;58;2;441;608;124;60;2
"Spol - SKUPAJ";"Lukovica";1295;2539;488;323;58;1255;2571;500;328;66;1191;2626;518;338;71;1179;2666;534;356;71
"Spol - SKUPAJ";"Majšperk";1035;1826;312;233;31;1002;1863;308;232;29;973;1895;314;255;33;946;1904;333;255;35
"Spol - SKUPAJ";"Makole";605;901;142;92;7;584;910;148;95;8;560;916;153;102;9;538;928;150;110;12
"Spol - SKUPAJ";"Maribor";17743;53712;11540;11909;2471;17255;53362;11759;12055;2524;16942;54113;12037;12283;2574;16887;54258;12237;12370;2578
"Spol - SKUPAJ";"Markovci";922;1935;321;188;33;885;1930;331;192;33;829;1948;345;211;35;804;1990;353;216;36
"Spol - SKUPAJ";"Medvode";2716;7145;1665;1708;381;2670;7150;1729;1770;385;2582;7220;1799;1831;411;2577;7299;1840;1895;421
"Spol - SKUPAJ";"Mengeš";1422;3345;785;733;138;1390;3398;834;772;146;1370;3472;861;821;154;1379;3530;896;864;170
"Spol - SKUPAJ";"Metlika";2043;3873;662;499;48;1983;3906;664;524;47;1910;3977;679;523;50;1909;4051;692;541;51
"Spol - SKUPAJ";"Mežica";768;1817;270;223;32;747;1800;273;226;32;724;1833;287;227;29;723;1857;290;230;29
"Spol - SKUPAJ";"Miklavž na Dravskem polju";1050;3356;610;489;87;1040;3346;634;471;94;1003;3482;660;500;98;1023;3614;659;521;102
"Spol - SKUPAJ";"Miren - Kostanjevica";1050;2195;462;401;50;1030;2213;451;407;56;986;2262;464;425;61;979;2263;476;429;66
"Spol - SKUPAJ";"Mirna";512;1162;277;186;16;506;1169;284;200;18;492;1205;293;198;19;471;1219;295;199;21
"Spol - SKUPAJ";"Mirna Peè";689;1254;292;165;24;676;1271;301;170;23;641;1280;312;188;25;616;1290;322;189;23
"Spol - SKUPAJ";"Mislinja";1084;2038;422;279;54;1047;2067;425;287;53;995;2080;450;283;54;972;2076;484;290;57
"Spol - SKUPAJ";"Mokronog - Trebelno";820;1278;288;141;21;800;1274;290;144;20;771;1306;296;155;19;756;1320;308;167;18
"Spol - SKUPAJ";"Moravèe";1242;2287;411;325;50;1211;2324;422;330;53;1163;2374;455;343;62;1135;2413;463;351;66
"Spol - SKUPAJ";"Moravske Toplice";1776;2462;433;374;36;1693;2501;465;377;41;1647;2506;468;380;39;1601;2559;484;390;40
"Spol - SKUPAJ";"Mozirje";928;1721;411;313;48;912;1734;442;322;52;876;1747;465;330;54;858;1776;479;328;59
"Spol - SKUPAJ";"Murska Sobota";3929;8436;1912;1797;310;3863;8406;1911;1792;321;3801;8386;1939;1836;320;3758;8393;1969;1880;311
"Spol - SKUPAJ";"Muta";858;1555;261;199;21;823;1576;263;212;19;783;1599;269;221;20;776;1629;271;225;20
"Spol - SKUPAJ";"Naklo";929;2429;544;476;95;913;2437;557;494;99;916;2455;566;517;99;897;2433;589;504;102
"Spol - SKUPAJ";"Nazarje";629;1206;224;140;17;598;1211;241;144;20;588;1228;239;159;22;571;1246;243;169;24
"Spol - SKUPAJ";"Nova Gorica";6939;13438;3164;3224;415;6696;13437;3234;3241;426;6513;13698;3260;3312;431;6469;13762;3308;3325;425
"Spol - SKUPAJ";"Novo mesto";7382;15038;3763;3664;574;7195;15088;3870;3718;589;7006;15505;3917;3840;606;6955;15809;4000;3873;618
"Spol - SKUPAJ";"Odranci";554;648;122;49;6;536;653;126;54;4;516;679;134;56;5;500;681;133;59;5
"Spol - SKUPAJ";"Oplotnica";982;1898;331;222;25;948;1902;346;237;23;913;1919;363;241;22;871;1936;373;254;24
"Spol - SKUPAJ";"Ormož";3153;5810;856;635;70;3025;5813;888;636;67;2852;5808;919;652;66;2767;5824;952;653;67
"Spol - SKUPAJ";"Osilnica";117;187;24;10;0;111;184;26;12;0;109;185;27;14;0;103;185;23;12;0
"Spol - SKUPAJ";"Pesnica";1908;3519;515;399;68;1813;3600;529;411;70;1722;3624;545;428;75;1694;3719;551;444;76
"Spol - SKUPAJ";"Piran/Pirano";3232;8412;1920;1810;329;3109;8331;1958;1823;338;3001;8354;2047;1838;344;2953;8388;2043;1840;351
"Spol - SKUPAJ";"Pivka";1566;2611;542;373;44;1516;2618;540;380;50;1499;2699;564;394;50;1477;2749;566;404;55
"Spol - SKUPAJ";"Podèetrtek";923;1459;268;188;18;895;1461;269;197;23;880;1516;285;215;25;863;1524;292;214;24
"Spol - SKUPAJ";"Podlehnik";560;930;104;74;9;555;912;111;79;9;524;896;107;79;8;515;860;116;80;9
"Spol - SKUPAJ";"Podvelka";671;1119;149;80;14;656;1123;150;82;13;634;1145;157;81;13;624;1138;163;79;15
"Spol - SKUPAJ";"Poljèane";1030;2134;378;259;22;995;2109;381;255;27;1010;2158;390;253;28;999;2169;401;259;28
"Spol - SKUPAJ";"Polzela";1463;2598;575;449;86;1413;2604;587;459;89;1343;2668;607;467;97;1337;2668;631;495;107
"Spol - SKUPAJ";"Postojna";3476;6810;1520;1421;275;3402;6849;1549;1432;272;3261;6881;1592;1464;280;3292;6994;1636;1484;281
"Spol - SKUPAJ";"Prebold";1106;2188;503;414;61;1084;2174;498;436;61;1057;2195;502;441;62;1033;2218;513;453;61
"Spol - SKUPAJ";"Preddvor";718;1500;372;357;69;712;1509;384;364;73;701;1531;399;374;77;713;1507;425;383;81
"Spol - SKUPAJ";"Prevalje";1498;3321;526;449;43;1450;3343;539;467;50;1406;3364;545;466;49;1374;3387;569;452;51
"Spol - SKUPAJ";"Ptuj";3986;11346;2214;2157;320;3890;11329;2287;2199;335;3802;11449;2325;2205;349;3759;11647;2356;2266;351
"Spol - SKUPAJ";"Puconci";2009;2436;390;287;33;1950;2456;407;292;33;1892;2455;405;296;36;1836;2508;410;300;34
"Spol - SKUPAJ";"Raèe - Fram";1261;3369;717;592;111;1225;3409;749;616;117;1186;3494;780;650;121;1186;3521;821;684;123
"Spol - SKUPAJ";"Radeèe";1005;2020;365;256;37;975;1999;366;262;40;895;2011;382;272;38;881;1982;392;273;43
"Spol - SKUPAJ";"Radenci";1187;2446;430;409;62;1150;2441;440;417;61;1114;2452;437;416;64;1080;2469;445;428;63
"Spol - SKUPAJ";"Radlje ob Dravi";1361;3045;477;320;37;1332;3047;484;344;37;1331;3076;478;343;41;1296;3083;488;349;37
"Spol - SKUPAJ";"Radovljica";3393;8475;1762;2003;361;3317;8481;1821;2050;377;3198;8550;1890;2102;387;3158;8567;1935;2133;395
"Spol - SKUPAJ";"Ravne na Koroškem";2285;5447;1035;865;130;2214;5443;1058;881;127;2144;5477;1076;916;129;2105;5524;1090;935;134
"Spol - SKUPAJ";"Razkrižje";364;556;99;75;6;350;563;90;75;7;341;563;94;71;9;334;570;99;76;8
"Spol - SKUPAJ";"Reèica ob Savinji";536;1079;195;141;21;498;1083;191;142;22;484;1113;198;146;27;475;1112;213;151;28
"Spol - SKUPAJ";"Renèe - Vogrsko";1035;1937;374;352;43;1008;1896;393;356;40;976;1935;403;375;42;949;1950;416;388;40
"Spol - SKUPAJ";"Ribnica";1940;4305;924;643;92;1877;4287;934;654;93;1835;4333;960;684;88;1806;4341;963;702;85
"Spol - SKUPAJ";"Ribnica na Pohorju";299;555;79;59;8;291;550;74;59;5;278;552;76;57;6;263;557;76;58;7
"Spol - SKUPAJ";"Rogaška Slatina";2471;5333;909;572;80;2402;5396;918;582;81;2321;5486;933;612;88;2318;5569;948;613;90
"Spol - SKUPAJ";"Rogašovci";1172;1210;158;112;4;1136;1221;163;115;6;1104;1227;162;118;5;1069;1237;169;119;4
"Spol - SKUPAJ";"Rogatec";840;1448;208;126;5;798;1460;217;132;6;764;1496;234;130;4;756;1519;248;136;5
"Spol - SKUPAJ";"Ruše";1457;3475;610;507;94;1409;3470;639;504;95;1368;3477;663;521;98;1342;3456;680;523;97
"Spol - SKUPAJ";"Selnica ob Dravi";971;2171;423;293;33;940;2177;426;307;32;886;2208;441;318;36;876;2213;447;331;35
"Spol - SKUPAJ";"Semiè";1139;1578;311;172;25;1101;1593;301;181;25;1087;1617;309;184;24;1087;1640;324;192;24
"Spol - SKUPAJ";"Sevnica";4293;8295;1346;1010;118;4147;8331;1386;1013;118;4029;8479;1429;1026;122;3943;8569;1478;1053;127
"Spol - SKUPAJ";"Sežana";2813;5996;1231;1165;174;2710;6062;1251;1192;182;2653;6207;1265;1212;185;2648;6280;1271;1233;186
"Spol - SKUPAJ";"Slovenj Gradec";3511;7413;1638;1337;196;3376;7411;1666;1347;198;3238;7496;1709;1374;203;3203;7499;1757;1394;208
"Spol - SKUPAJ";"Slovenska Bistrica";4980;11864;2420;1906;268;4875;11895;2459;1966;268;4717;11990;2544;2019;269;4682;12191;2594;2026;277
"Spol - SKUPAJ";"Slovenske Konjice";3020;6975;1274;982;126;2965;7022;1338;994;131;2907;7100;1376;1027;125;2912;7148;1413;1039;131
"Spol - SKUPAJ";"Sodražica";532;883;195;174;22;518;858;205;174;21;490;872;206;181;22;488;877;206;184;22
"Spol - SKUPAJ";"Solèava";126;241;43;30;1;125;233;43;30;2;116;234;44;33;3;108;234;49;33;4
"Spol - SKUPAJ";"Središèe ob Dravi";488;1010;142;91;16;454;993;153;96;14;444;993;149;92;15;427;947;149;101;16
"Spol - SKUPAJ";"Starše";799;2009;352;251;29;764;1993;380;256;29;744;1999;388;259;38;728;2068;408;261;35
"Spol - SKUPAJ";"Straža";917;1615;388;276;47;908;1631;399;290;49;860;1674;407;297;50;844;1713;415;290;52
"Spol - SKUPAJ";"Sveta Ana";777;960;127;72;10;737;963;137;73;10;704;981;142;84;12;685;1001;149;84;13
"Spol - SKUPAJ";"Sveta Trojica v Slov. goricah";510;1021;160;95;15;498;1023;164;99;15;477;1032;181;103;15;466;1066;187;99;16
"Spol - SKUPAJ";"Sveti Andraž v Slov. goricah";362;493;70;42;7;339;510;73;49;6;327;524;78;54;7;316;541;82;50;7
"Spol - SKUPAJ";"Sveti Jurij ob Šèavnici";843;1225;169;138;7;807;1236;177;145;9;768;1226;191;146;10;764;1219;188;149;13
"Spol - SKUPAJ";"Sveti Jurij v Slov. goricah";697;862;131;85;11;670;851;137;86;12;651;875;137;100;13;640;884;146;102;16
"Spol - SKUPAJ";"Sveti Tomaž";640;862;136;74;6;625;881;144;73;6;592;901;146;83;6;583;890;151;83;6
"Spol - SKUPAJ";"Šalovci";666;520;70;35;3;641;524;80;38;2;606;530;78;46;3;591;529;86;45;2
"Spol - SKUPAJ";"Šempeter - Vrtojba";1216;2751;638;695;96;1154;2744;639;704;98;1132;2756;656;716;99;1143;2754;680;717;104
"Spol - SKUPAJ";"Šenèur";1623;3700;778;799;153;1597;3719;799;814;162;1538;3770;834;834;166;1642;3790;862;843;168
"Spol - SKUPAJ";"Šentilj";2264;3953;593;347;60;2228;4117;606;366;60;2146;4074;618;366;64;2078;4013;645;381;65
"Spol - SKUPAJ";"Šentjernej";1827;2962;623;400;49;1768;2942;636;409;52;1695;2992;663;434;52;1658;3053;678;443;51
"Spol - SKUPAJ";"Šentjur";4480;8260;1759;1345;188;4333;8287;1807;1374;192;4211;8442;1870;1390;200;4139;8553;1904;1434;202
"Spol - SKUPAJ";"Šentrupert";824;1262;215;132;26;815;1288;226;145;31;767;1349;243;155;34;753;1374;251;162;31
"Spol - SKUPAJ";"Škocjan";947;1314;224;133;8;912;1316;238;143;11;888;1358;249;146;10;883;1401;252;161;9
"Spol - SKUPAJ";"Škofja Loka";4361;9851;2188;2297;401;4280;9809;2257;2323;405;4159;9939;2303;2359;419;4128;10022;2385;2393;433
"Spol - SKUPAJ";"Škofljica";1613;4549;1125;1234;312;1615;4615;1159;1289;322;1602;4610;1196;1343;339;1630;4769;1254;1407;352
"Spol - SKUPAJ";"Šmarje pri Jelšah";2695;4390;798;576;68;2638;4421;802;606;68;2523;4499;822;638;74;2460;4511;868;650;82
"Spol - SKUPAJ";"Šmarješke Toplice";746;1446;291;236;37;728;1458;316;242;42;699;1517;328;249;44;680;1560;344;264;42
"Spol - SKUPAJ";"Šmartno ob Paki";644;1491;304;232;33;626;1522;301;238;33;598;1543;317;248;35;583;1549;326;251;37
"Spol - SKUPAJ";"Šmartno pri Litiji";1373;2481;467;292;48;1336;2485;485;302;49;1276;2538;499;319;52;1246;2570;526;318;52
"Spol - SKUPAJ";"Šoštanj";2034;4033;736;454;64;1996;4032;753;467;67;1941;4099;776;477;74;1915;4165;803;485;76
"Spol - SKUPAJ";"Štore";1076;2000;339;200;28;1040;2022;358;214;30;1030;2331;384;224;35;1030;2218;385;235;37
"Spol - SKUPAJ";"Tabor";376;683;154;127;16;375;679;163;142;20;354;679;144;152;26;346;682;150;171;25
"Spol - SKUPAJ";"Tišina";1251;1707;258;227;13;1205;1730;255;229;12;1191;1739;252;232;10;1168;1758;268;241;10
"Spol - SKUPAJ";"Tolmin";2986;4709;947;926;111;2865;4714;966;946;114;2764;4752;963;958;122;2671;4754;990;952;122
"Spol - SKUPAJ";"Trbovlje";3729;7774;1458;1069;149;3597;7700;1474;1094;145;3477;7693;1494;1126;151;3482;7720;1508;1136;153
"Spol - SKUPAJ";"Trebnje";2840;5296;1132;942;171;2772;5392;1161;980;174;2733;5517;1202;1027;183;2684;5700;1214;1050;192
"Spol - SKUPAJ";"Trnovska vas";353;627;78;54;8;339;630;83;57;9;330;625;90;55;10;322;633;90;61;10
"Spol - SKUPAJ";"Trzin";483;1483;464;611;162;474;1470;477;608;170;469;1509;483;609;182;469;1524;485;612;188
"Spol - SKUPAJ";"Tržiè";3478;6808;1232;1076;176;3376;6798;1220;1088;180;3306;6885;1276;1086;189;3302;6864;1305;1105;196
"Spol - SKUPAJ";"Turnišèe";973;1440;212;147;15;934;1424;224;146;19;911;1432;228;157;19;885;1424;230;159;18
"Spol - SKUPAJ";"Velenje";6819;15312;3025;2259;350;6733;15400;3049;2333;347;6692;15688;3102;2379;353;6780;15778;3197;2422;349
"Spol - SKUPAJ";"Velika Polana";485;586;97;73;7;462;602;106;71;8;447;609;105;74;8;438;611;97;77;7
"Spol - SKUPAJ";"Velike Lašèe";832;1876;448;325;69;799;1871;461;340;67;782;1911;478;350;66;768;1961;497;359;66
"Spol - SKUPAJ";"Veržej";275;640;122;80;9;260;617;129;86;10;261;613;127;85;11;278;628;132;86;11
"Spol - SKUPAJ";"Videm";1397;2746;371;240;24;1368;2764;388;247;26;1288;2842;409;248;28;1253;2875;436;257;26
"Spol - SKUPAJ";"Vipava";1352;2208;539;525;73;1269;2189;553;565;73;1194;2235;570;565;76;1220;2272;583;585;76
"Spol - SKUPAJ";"Vitanje";753;883;158;89;8;722;895;158;95;8;710;907;169;97;10;714;918;182;91;10
"Spol - SKUPAJ";"Vodice";814;2044;478;487;110;797;2073;491;494;114;772;2112;533;525;121;776;2095;566;532;126
"Spol - SKUPAJ";"Vojnik";1889;3975;806;587;92;1846;3986;824;609;95;1782;4085;818;636;99;1752;4158;839;644;104
"Spol - SKUPAJ";"Vransko";712;1087;210;170;22;674;1085;224;179;23;625;1111;238;195;24;606;1118;241;198;25
"Spol - SKUPAJ";"Vrhnika";3262;7279;1598;1549;336;3172;7310;1636;1624;352;3098;7479;1698;1675;360;3083;7588;1765;1702;372
"Spol - SKUPAJ";"Vuzenica";580;1285;227;173;12;555;1307;227;173;15;526;1327;226;169;15;502;1330;230;173;14
"Spol - SKUPAJ";"Zagorje ob Savi";3831;7599;1442;1087;149;3653;7623;1459;1129;159;3501;7653;1477;1151;161;3438;7642;1522;1170;160
"Spol - SKUPAJ";"Zavrè";418;1097;65;35;4;388;1078;68;39;4;367;856;74;35;5;367;824;78;30;5
"Spol - SKUPAJ";"Zreèe";1574;2914;539;359;53;1543;2949;536;362;58;1509;3009;558;364;57;1480;3061;586;390;56
"Spol - SKUPAJ";"Žalec";4467;9871;1919;1538;257;4351;9814;2018;1583;265;4254;9954;2041;1626;268;4219;10064;2098;1641;273
"Spol - SKUPAJ";"Železniki";1591;2732;654;484;61;1558;2742;672;496;61;1496;2733;709;504;67;1458;2763;725;525;70
"Spol - SKUPAJ";"Žetale";472;488;105;60;1;454;494;111;62;1;432;503;111;70;2;418;528;113;71;2
"Spol - SKUPAJ";"Žiri";942;2196;444;383;46;917;2210;464;393;50;886;2229;455;415;48;884;2255;480;427;48
"Spol - SKUPAJ";"Žirovnica";646;1996;539;462;90;616;2015;530;483;92;581;2007;541;504;88;561;2006;558;505;89
"Spol - SKUPAJ";"Žužemberk";1225;1957;404;226;25;1182;1985;423;234;22;1124;2019;437;240;21;1106;2056;457;252;21
"Moški";"SLOVENIJA";174101;522362;78547;74115;17334;169101;524731;80617;75148;17661;164083;535406;83150;76572;18056;165039;542364;85429;77384;18210
"Moški";"Ajdovšèina";1770;4910;635;581;110;1712;4935;659;589;114;1650;5058;669;612;125;1686;5132;680;630;119
"Moški";"Ankaran/Ancarano";289;717;167;157;52;268;724;166;156;49;250;735;161;153;50;255;729;164;153;52
"Moški";"Apaèe";441;945;75;46;7;423;951;76;47;6;415;954;80;49;7;406;957;82;52;8
"Moški";"Beltinci";875;2159;253;187;23;848;2145;254;191;24;807;2147;262;191;24;789;2134;274;187;25
"Moški";"Benedikt";291;640;60;41;8;286;657;64;40;8;264;689;65;44;9;260;718;69;47;8
"Moški";"Bistrica ob Sotli";178;323;44;28;1;175;323;44;30;1;157;333;40;31;1;147;341;42;32;2
"Moški";"Bled";408;2035;363;427;95;387;2012;362;416;96;358;2011;370;427;92;377;2037;390;442;95
"Moški";"Bloke";139;422;60;55;6;134;416;65;51;6;125;439;65;53;7;118;454;67;51;7
"Moški";"Bohinj";313;1473;167;173;44;310;1482;173;167;46;291;1485;186;168;41;309;1498;192;177;40
"Moški";"Borovnica";347;1141;150;125;28;337;1136;163;127;33;325;1166;167;129;33;369;1181;175;131;35
"Moški";"Bovec";319;778;101;116;17;314;785;107;113;17;308;777;113;114;19;308;794;113;118;20
"Moški";"Braslovèe";479;1364;236;201;38;471;1355;247;207;39;443;1366;259;209;43;437;1404;253;220;46
"Moški";"Brda";590;1455;178;172;22;563;1454;192;178;23;538;1477;199;175;21;525;1492;201;179;23
"Moški";"Brezovica";797;2968;478;513;145;770;3002;509;517;150;750;3087;521;530;170;731;3231;554;525;168
"Moški";"Brežice";2103;6464;837;748;98;2094;6373;862;744;101;2013;6454;883;759;102;1990;6525;887;776;98
"Moški";"Cankova";251;417;53;47;4;241;421;53;47;4;232;417;56;46;4;225;419;53;47;3
"Moški";"Celje";4009;12555;2001;2006;447;3905;12772;2046;1998;456;3830;12852;2103;2013;452;3883;12937;2121;2010;452
"Moški";"Cerklje na Gorenjskem";669;1851;284;214;63;644;1877;293;216;63;632;1885;313;231;64;643;1907;334;249;63
"Moški";"Cerknica";952;3028;457;420;56;906;3011;480;426;64;873;3075;485;425;66;867;3101;503;425;69
"Moški";"Cerkno";600;1132;152;107;28;569;1143;158;110;25;536;1142;159;113;28;529;1148;157;112;29
"Moški";"Cerkvenjak";256;582;55;26;4;233;581;53;27;3;218;609;60;29;3;218;633;63;27;4
"Moški";"Cirkulane";238;734;61;43;5;227;759;57;39;6;231;809;62;40;5;225;784;58;41;6
"Moški";"Èrenšovci";441;1019;123;66;10;430;1022;123;65;10;422;1047;126;69;11;422;1055;128;71;11
"Moški";"Èrna na Koroškem";432;948;76;48;5;425;946;84;47;5;408;961;81;46;6;396;958;85;49;5
"Moški";"Èrnomelj";1470;3818;523;338;29;1453;3819;546;336;31;1389;3916;554;325;28;1365;3880;551;332;29
"Moški";"Destrnik";316;672;52;47;7;316;666;61;44;8;298;702;64;45;8;285;734;71;48;9
"Moški";"Divaèa";417;1100;144;107;18;395;1143;160;107;20;368;1176;166;117;22;375;1199;169;116;21
"Moški";"Dobje";145;207;34;17;2;127;214;33;17;3;122;223;29;18;5;120;220;31;18;5
"Moški";"Dobrepolje";401;1045;115;80;17;399;1045;120;82;17;388;1044;128;87;16;372;1087;131;85;17
"Moški";"Dobrna";251;577;80;40;15;231;586;79;40;15;223;599;80;40;15;220;599;84;39;13
"Moški";"Dobrova - Polhov Gradec";642;1865;257;230;72;635;1896;262;241;76;599;1913;286;235;79;607;1970;311;236;78
"Moški";"Dobrovnik/Dobronak";131;336;40;23;7;126;335;43;24;6;124;333;44;28;6;125;343;46;27;7
"Moški";"Dol pri Ljubljani";402;1425;251;218;80;411;1435;262;222;80;380;1478;292;247;79;394;1490;293;255;80
"Moški";"Dolenjske Toplice";312;877;159;95;10;303;854;164;99;12;296;897;166;108;11;286;931;172;102;9
"Moški";"Domžale";2469;8553;1408;1421;402;2391;8631;1459;1464;409;2389;8821;1537;1501;414;2451;8915;1589;1525;418
"Moški";"Dornava";345;796;76;51;3;345;775;79;51;3;336;796;82;53;2;333;813;88;53;2
"Moški";"Dravograd";824;2398;306;213;29;787;2394;321;218;29;733;2420;335;220;29;735;2479;342;220;27
"Moški";"Duplek";515;1903;215;141;26;503;1941;214;152;24;484;1966;215;151;25;494;2020;227;154;25
"Moški";"Gorenja vas - Poljane";672;1823;267;172;31;660;1836;283;183;33;613;1886;300;176;34;609;1914;301;176;34
"Moški";"Gorišnica";361;1061;135;65;18;347;1112;139;68;22;350;1162;144;71;20;330;1193;152;77;20
"Moški";"Gorje";195;773;111;88;13;189;762;113;88;15;186;764;116;90;14;185;762;118;88;13
"Moški";"Gornja Radgona";903;2213;260;214;25;861;2204;279;212;26;839;2221;286;216;27;817;2269;299;224;26
"Moški";"Gornji Grad";310;653;81;47;7;297;658;78;48;7;261;674;80;40;7;262;656;86;42;7
"Moški";"Gornji Petrovci";324;469;47;32;8;306;469;50;30;6;293;474;50;31;6;283;490;51;35;6
"Moški";"Grad";357;506;38;24;1;346;517;42;21;2;330;516;47;21;2;320;508;49;18;2
"Moški";"Grosuplje";1541;5082;842;720;201;1541;5282;869;752;203;1512;5511;899;777;205;1532;5631;921;775;212
"Moški";"Hajdina";267;1067;156;82;18;254;1083;153;83;19;248;1127;157;92;21;244;1183;155;94;21
"Moški";"Hoèe - Slivnica";699;3255;429;400;72;691;3369;437;416;76;694;3667;447;429;78;730;3541;466;443;77
"Moški";"Hodoš/Hodos";94;57;5;5;0;94;60;4;5;0;90;58;6;5;0;95;57;5;5;0
"Moški";"Horjul";202;787;97;83;27;199;798;105;79;30;199;810;107;73;31;193;824;106;74;31
"Moški";"Hrastnik";1018;2468;311;145;15;969;2467;306;142;16;944;2463;320;149;16;909;2484;328;156;17
"Moški";"Hrpelje - Kozina";436;1174;167;105;20;431;1204;171;105;21;424;1237;176;108;22;436;1274;182;113;24
"Moški";"Idrija";1191;2932;463;373;73;1149;2946;467;377;71;1135;2979;486;387;71;1187;3009;485;394;72
"Moški";"Ig";580;1830;271;202;66;594;1837;273;213;66;593;1868;290;215;69;613;1931;298;224;72
"Moški";"Ilirska Bistrica";1231;3757;490;342;46;1135;3755;496;341;45;1098;3828;502;342;46;1104;3814;514;348;45
"Moški";"Ivanèna Gorica";1363;4248;615;458;94;1307;4342;653;491;96;1254;4467;687;502;107;1247;4551;709;517;107
"Moški";"Izola/Isola";1380;3908;662;644;121;1347;3910;678;651;128;1363;3986;710;667;136;1434;4045;730;691;140
"Moški";"Jesenice";2042;5770;558;373;58;1986;5817;580;381;57;1989;5981;589;373;55;2064;6064;605;374;56
"Moški";"Jezersko";43;161;29;26;4;45;164;25;30;3;45;166;30;30;3;47;158;28;31;4
"Moški";"Juršinci";275;651;61;31;3;272;657;58;32;4;255;662;61;30;5;247;665;68;30;5
"Moški";"Kamnik";2537;7147;1061;931;231;2477;7172;1113;953;246;2469;7324;1108;982;252;2498;7480;1143;988;250
"Moški";"Kanal";397;1586;190;124;22;384;1571;193;125;22;369;1584;198;119;22;367;1604;207;118;24
"Moški";"Kidrièevo";543;1752;224;136;18;529;1781;221;141;21;508;1779;234;148;19;495;1835;248;148;19
"Moški";"Kobarid";385;1066;157;123;13;366;1070;155;131;14;354;1073;162;135;15;352;1058;172;132;15
"Moški";"Kobilje";64;146;17;13;2;63;149;18;13;2;60;148;18;10;2;59;143;21;11;2
"Moški";"Koèevje";1582;4252;451;347;54;1553;4191;471;347;56;1496;4230;481;343;60;1488;4214;494;349;61
"Moški";"Komen";257;988;139;111;26;249;990;143;112;28;239;985;154;116;29;235;981;158;119;28
"Moški";"Komenda";403;1478;228;239;62;403;1483;245;247;64;405;1522;256;247;64;404;1569;269;251;63
"Moški";"Koper/Capodistria";4555;12593;2046;1880;329;4448;12821;2098;1932;334;4220;13222;2139;1975;350;4225;13323;2199;2005;358
"Moški";"Kostanjevica na Krki";222;643;79;61;6;231;651;76;64;5;227;660;76;67;5;223;655;80;65;5
"Moški";"Kostel";59;190;22;23;5;56;190;24;22;5;51;191;24;22;4;54;184;28;23;5
"Moški";"Kozje";428;765;83;51;10;408;768;85;46;10;393;784;88;49;9;385;767;96;49;8
"Moški";"Kranj";4373;13461;2261;2421;560;4336;13425;2287;2434;561;4314;13612;2361;2458;571;4645;13823;2430;2464;567
"Moški";"Kranjska Gora";309;1458;257;208;53;297;1460;261;208;50;287;1464;261;216;53;306;1472;266;215;55
"Moški";"Križevci";491;941;113;76;11;458;942;113;81;13;442;955;113;84;13;435;935;121;80;13
"Moški";"Krško";2557;6777;906;741;77;2467;6867;930;760;75;2418;7068;929;754;80;2461;7057;960;775;76
"Moški";"Kungota";444;1314;157;130;33;431;1326;164;137;33;409;1325;173;141;32;409;1322;181;142;32
"Moški";"Kuzma";244;339;39;17;2;235;338;33;18;2;239;339;37;19;3;231;345;40;21;2
"Moški";"Laško";1516;3331;402;250;52;1483;3332;417;268;50;1415;3378;424;272;52;1411;3420;433;278;55
"Moški";"Lenart";827;2110;264;236;43;805;2120;267;241;47;783;2244;265;246;48;767;2270;279;262;49
"Moški";"Lendava/Lendva";934;2892;383;306;65;893;2876;375;306;62;857;2919;392;298;64;860;2971;405;292;63
"Moški";"Litija";1479;3983;531;319;63;1448;4005;559;337;61;1385;4061;593;342;61;1368;4123;601;341;64
"Moški";"Ljubljana";18061;63544;12434;18041;5945;17476;63712;12752;18304;6051;17179;64935;13257;18682;6170;17489;65921;13597;18821;6213
"Moški";"Ljubno";298;672;82;48;8;292;653;86;52;8;266;671;89;51;8;256;686;90;50;7
"Moški";"Ljutomer";1189;2963;372;273;41;1178;2971;377;278;45;1123;2989;385;276;45;1106;3018;395;277;43
"Moški";"Log - Dragomer";209;883;171;206;71;208;866;188;205;67;220;879;191;207;68;206;879;189;213;68
"Moški";"Logatec";1246;3291;500;475;123;1230;3350;525;472;121;1185;3436;547;489;130;1156;3552;572;506;131
"Moški";"Loška dolina";443;994;162;78;17;391;973;162;80;14;400;988;164;78;15;400;997;165;74;19
"Moški";"Loški Potok";225;511;50;28;7;222;504;47;31;6;214;505;53;27;6;203;507;58;27;6
"Moški";"Lovrenc na Pohorju";332;824;99;60;18;325;818;107;61;16;306;824;105;65;14;295;834;107;66;14
"Moški";"Luèe";220;349;47;19;2;217;348;46;19;2;208;367;46;17;2;203;363;47;16;2
"Moški";"Lukovica";586;1464;184;120;23;559;1487;188;116;29;528;1536;195;118;30;530;1572;200;126;31
"Moški";"Majšperk";400;1092;150;80;16;390;1119;146;81;15;382;1155;149;89;16;368;1166;157;94;17
"Moški";"Makole";252;534;60;29;3;243;541;65;30;4;232;545;70;31;5;221;548;70;34;6
"Moški";"Maribor";6431;29699;4822;5094;1307;6232;29641;4907;5119;1333;6172;30331;5033;5197;1348;6238;30555;5163;5192;1339
"Moški";"Markovci";312;1140;126;67;18;300;1137;137;68;18;272;1144;145;74;19;268;1169;149;75;20
"Moški";"Medvode";1084;3988;713;710;191;1061;4005;724;733;195;1019;4066;765;762;214;1047;4132;777;788;216
"Moški";"Mengeš";533;1860;266;302;68;522;1894;297;307;67;520;1947;306;334;70;532;2019;326;348;78
"Moški";"Metlika";856;2194;310;199;22;828;2220;317;208;22;788;2288;317;205;23;800;2367;338;203;24
"Moški";"Mežica";260;1107;98;99;12;260;1094;97;98;12;258;1115;106;102;12;267;1137;111;102;12
"Moški";"Miklavž na Dravskem polju";373;1907;250;180;47;373;1905;260;178;51;361;2022;271;186;52;376;2156;273;199;54
"Moški";"Miren - Kostanjevica";394;1315;194;166;20;370;1328;191;163;23;351;1371;191;174;26;358;1365;189;172;28
"Moški";"Mirna";210;664;117;67;8;211;679;124;71;9;199;712;126;70;9;185;721;129;68;11
"Moški";"Mirna Peè";298;729;129;67;8;295;733;131;69;8;267;739;134;77;8;261;753;136;77;7
"Moški";"Mislinja";448;1189;180;115;25;424;1192;184;119;25;399;1212;196;115;26;398;1203;211;118;26
"Moški";"Mokronog - Trebelno";335;784;105;49;12;333;781;106;46;10;319;794;116;50;10;302;822;121;52;8
"Moški";"Moravèe";539;1291;161;120;29;528;1306;159;123;32;496;1347;175;128;34;486;1367;177;126;36
"Moški";"Moravske Toplice";709;1406;201;174;20;674;1434;208;176;22;651;1431;212;182;22;641;1451;214;178;23
"Moški";"Mozirje";395;959;180;123;25;378;963;186;124;27;359;974;195;127;28;350;980;202;128;29
"Moški";"Murska Sobota";1442;4496;817;771;159;1436;4467;816;760;160;1403;4491;823;784;159;1393;4527;840;794;152
"Moški";"Muta";378;884;108;81;9;373;892;108;88;9;349;900;109;94;9;350;923;107;96;9
"Moški";"Naklo";398;1330;234;199;55;385;1340;236;201;54;398;1378;242;206;52;401;1376;257;199;54
"Moški";"Nazarje";282;694;89;55;11;256;711;95;53;12;252;711;98;53;14;248;720;101;58;14
"Moški";"Nova Gorica";2785;7587;1353;1391;202;2684;7629;1373;1392;207;2647;7845;1396;1396;214;2678;7959;1403;1402;207
"Moški";"Novo mesto";3062;8503;1647;1488;262;2977;8519;1686;1490;265;2857;8953;1699;1527;272;2864;9252;1752;1526;273
"Moški";"Odranci";228;390;43;18;2;217;397;43;20;1;211;406;50;19;2;207;408;48;23;2
"Moški";"Oplotnica";427;1105;131;87;11;414;1111;140;90;11;403;1108;150;90;11;373;1121;151;97;12
"Moški";"Ormož";1183;3364;381;245;34;1144;3357;388;249;32;1063;3350;389;253;32;1027;3357;398;256;33
"Moški";"Osilnica";42;126;9;4;0;41;125;9;6;0;39;125;9;6;0;39;128;8;4;0
"Moški";"Pesnica";809;2018;217;146;33;757;2097;224;154;31;713;2103;223;168;34;705;2188;224;175;36
"Moški";"Piran/Pirano";1240;4530;895;822;179;1204;4429;907;828;185;1151;4499;946;825;181;1137;4522;945;829;185
"Moški";"Pivka";673;1578;207;130;19;664;1578;214;130;20;674;1643;221;135;21;672;1690;228;135;22
"Moški";"Podèetrtek";402;850;104;77;8;398;853;102;74;12;392;892;109;81;13;386;906;119;82;11
"Moški";"Podlehnik";250;564;41;29;5;245;555;43;31;6;227;532;43;31;4;218;504;43;30;5
"Moški";"Podvelka";321;635;51;30;5;315;636;52;33;5;298;648;54;33;4;297;641;58;32;4
"Moški";"Poljèane";385;1192;149;104;10;372;1176;149;100;10;373;1213;157;97;10;365;1222;160;102;10
"Moški";"Polzela";540;1490;238;172;43;510;1498;243;177;44;483;1548;258;174;49;502;1533;271;185;54
"Moški";"Postojna";1473;3949;677;548;130;1429;3985;682;546;125;1326;3995;712;549;126;1389;4096;722;556;129
"Moški";"Prebold";453;1246;194;160;31;439;1236;197;169;32;427;1255;202;176;30;431;1271;208;178;30
"Moški";"Preddvor";272;853;152;147;36;257;856;161;145;37;265;867;168;151;39;285;849;177;156;41
"Moški";"Prevalje";549;1926;210;174;15;537;1951;213;185;19;515;1979;224;182;19;500;1997;235;173;23
"Moški";"Ptuj";1491;6403;887;916;169;1437;6394;919;926;177;1417;6540;945;918;180;1434;6726;960;927;181
"Moški";"Puconci";840;1391;161;108;17;814;1395;165;104;17;788;1397;168;107;19;782;1424;170;115;19
"Moški";"Raèe - Fram";500;1906;304;226;52;491;1932;317;229;55;472;1991;332;243;62;495;2004;351;255;63
"Moški";"Radeèe";421;1140;144;104;16;410;1122;141;107;18;369;1141;150;109;16;365;1122;152;103;15
"Moški";"Radenci";482;1349;180;164;30;472;1350;187;172;30;459;1357;183;169;29;446;1373;191;174;28
"Moški";"Radlje ob Dravi";555;1778;170;120;13;549;1769;178;126;15;546;1795;180;126;18;535;1785;192;129;15
"Moški";"Radovljica";1337;4639;700;850;170;1302;4660;736;847;182;1264;4690;760;883;185;1283;4741;778;888;188
"Moški";"Ravne na Koroškem";895;3202;438;341;66;855;3203;446;350;60;836;3243;457;364;62;824;3304;473;360;63
"Moški";"Razkrižje";138;343;48;26;3;132;343;44;27;4;132;341;49;27;4;128;343;50;31;3
"Moški";"Reèica ob Savinji";223;642;71;61;11;207;655;68;59;11;203;681;75;62;11;201;694;80;61;11
"Moški";"Renèe - Vogrsko";375;1178;164;155;18;382;1145;166;156;17;365;1170;171;164;19;350;1169;182;170;18
"Moški";"Ribnica";793;2536;377;255;48;777;2537;378;253;49;769;2579;383;261;46;760;2593;380;266;44
"Moški";"Ribnica na Pohorju";129;312;25;22;3;128;304;23;23;3;120;318;24;21;5;113;322;25;21;5
"Moški";"Rogaška Slatina";1100;2981;350;217;34;1085;3032;352;214;30;1034;3107;369;232;32;1036;3175;373;232;35
"Moški";"Rogašovci";491;705;60;39;3;467;709;63;38;4;459;711;61;42;4;448;713;60;42;3
"Moški";"Rogatec";351;815;92;43;1;335;812;97;47;2;312;859;101;45;1;312;875;102;50;1
"Moški";"Ruše";597;1978;237;213;44;579;1964;244;211;42;559;1977;249;215;46;557;1992;264;213;46
"Moški";"Selnica ob Dravi";427;1243;169;99;14;412;1245;169;105;15;384;1266;175;107;16;395;1278;179;109;17
"Moški";"Semiè";431;979;151;66;13;413;991;143;71;11;411;1008;142;70;11;426;1023;148;73;11
"Moški";"Sevnica";1809;4866;543;378;51;1734;4913;562;371;52;1668;5029;579;384;55;1641;5145;590;393;54
"Moški";"Sežana";1113;3493;530;503;82;1059;3524;535;509;88;1041;3647;543;508;91;1059;3715;540;505;91
"Moški";"Slovenj Gradec";1523;4167;662;534;97;1462;4197;674;530;96;1396;4282;698;542;96;1398;4264;721;551;97
"Moški";"Slovenska Bistrica";2018;6638;997;712;140;2001;6646;1014;724;135;1919;6757;1049;744;136;1950;6929;1089;750;142
"Moški";"Slovenske Konjice";1265;4116;511;372;57;1246;4147;543;375;55;1203;4235;549;391;54;1237;4281;558;383;54
"Moški";"Sodražica";228;526;80;74;13;219;515;85;71;13;210;523;82;75;14;213;530;81;74;14
"Moški";"Solèava";55;138;17;9;0;56;132;18;10;0;48;133;19;9;0;45;134;21;11;0
"Moški";"Središèe ob Dravi";191;572;47;38;8;177;566;49;37;7;174;585;52;34;7;158;544;51;34;8
"Moški";"Starše";283;1127;139;105;16;270;1117;160;103;16;256;1127;163;106;20;257;1192;168;107;18
"Moški";"Straža";378;952;170;98;23;389;961;180;102;21;360;1015;191;102;22;352;1052;192;103;23
"Moški";"Sveta Ana";327;560;44;24;3;313;561;47;25;2;300;569;53;29;4;298;578;56;28;4
"Moški";"Sveta Trojica v Slov. goricah";202;606;61;33;10;207;597;62;38;10;202;606;68;37;10;195;636;71;34;9
"Moški";"Sveti Andraž v Slov. goricah";156;309;32;7;3;142;325;30;12;2;138;332;30;14;3;130;346;34;13;3
"Moški";"Sveti Jurij ob Šèavnici";354;711;61;55;3;339;714;70;58;5;325;715;71;58;5;326;705;76;57;6
"Moški";"Sveti Jurij v Slov. goricah";297;533;39;30;5;281;532;46;28;6;278;547;51;30;8;276;549;57;31;8
"Moški";"Sveti Tomaž";252;508;57;33;1;246;524;56;33;1;232;533;58;36;1;230;528;60;37;2
"Moški";"Šalovci";291;311;30;11;1;286;316;33;13;1;271;321;30;18;1;262;320;35;18;0
"Moški";"Šempeter - Vrtojba";456;1557;266;310;59;427;1560;269;315;61;425;1559;272;322;60;436;1565;281;314;63
"Moški";"Šenèur";681;2114;317;337;78;668;2106;329;342;83;653;2141;333;345;85;736;2163;347;352;81
"Moški";"Šentilj";879;2297;246;142;30;863;2432;259;149;30;823;2384;251;144;30;797;2331;261;147;30
"Moški";"Šentjernej";764;1760;262;150;18;727;1745;277;147;21;687;1790;292;156;21;672;1828;301;151;21
"Moški";"Šentjur";1921;4718;701;513;84;1873;4745;713;515;87;1802;4876;742;516;88;1805;4969;760;524;88
"Moški";"Šentrupert";467;849;93;52;11;458;858;97;57;15;435;931;106;62;17;421;958;107;63;14
"Moški";"Škocjan";442;750;91;41;3;429;751;98;43;5;415;784;97;46;4;429;818;100;53;3
"Moški";"Škofja Loka";1730;5570;916;905;216;1700;5545;950;910;211;1642;5658;969;915;214;1631;5737;996;914;222
"Moški";"Škofljica";672;2579;465;505;142;675;2630;483;518;145;678;2610;493;545;152;692;2749;528;571;160
"Moški";"Šmarje pri Jelšah";1156;2497;312;208;30;1127;2528;324;215;32;1066;2591;333;228;35;1067;2589;342;226;38
"Moški";"Šmarješke Toplice";307;835;109;95;13;304;828;125;100;16;289;876;131;98;15;289;931;139;104;17
"Moški";"Šmartno ob Paki";225;877;119;98;18;219;900;122;93;18;206;914;130;97;20;202;919;135;98;21
"Moški";"Šmartno pri Litiji";599;1428;183;94;25;586;1435;191;94;27;557;1484;201;101;28;543;1513;203;97;29
"Moški";"Šoštanj";733;2472;316;187;28;720;2442;313;187;27;711;2476;327;187;28;704;2530;335;189;29
"Moški";"Štore";443;1136;139;70;13;428;1156;148;75;13;431;1446;162;75;13;449;1344;164;80;13
"Moški";"Tabor";167;406;67;51;6;167;403;73;59;7;155;412;66;65;9;151;415;65;69;8
"Moški";"Tišina";541;975;106;89;5;513;989;98;91;5;508;990;103;91;4;494;1000;109;88;4
"Moški";"Tolmin";1192;2840;420;386;60;1124;2849;423;395;62;1085;2876;420;387;68;1050;2871;428;378;68
"Moški";"Trbovlje";1331;4372;641;430;67;1290;4328;642;437;66;1235;4356;655;450;67;1269;4389;660;456;69
"Moški";"Trebnje";1221;3191;444;368;78;1198;3255;457;378;83;1186;3367;485;385;88;1165;3511;486;396;92
"Moški";"Trnovska vas";151;367;27;22;4;145;357;32;25;4;143;354;37;21;4;136;355;37;22;4
"Moški";"Trzin";200;808;196;270;77;200;803;200;260;82;199;823;206;260;90;199;846;214;260;92
"Moški";"Tržiè";1427;3785;495;434;103;1378;3786;491;443;102;1362;3866;523;442;101;1377;3863;534;448;106
"Moški";"Turnišèe";368;835;100;50;8;362;819;109;54;10;349;819;110;56;10;342;815;109;59;9
"Moški";"Velenje";2327;9297;1325;921;176;2270;9381;1345;931;174;2288;9615;1368;952;177;2360;9677;1417;972;175
"Moški";"Velika Polana";201;350;39;29;4;192;362;41;28;4;182;366;44;29;4;177;366;42;31;4
"Moški";"Velike Lašèe";347;1096;171;124;37;341;1087;184;128;36;338;1109;192;131;35;352;1126;205;136;35
"Moški";"Veržej";102;365;41;29;4;97;350;46;32;4;104;340;43;32;4;116;347;46;33;5
"Moški";"Videm";586;1623;161;93;13;584;1660;169;94;13;546;1718;181;89;15;535;1760;189;97;14
"Moški";"Vipava";535;1322;218;223;37;499;1321;226;237;39;461;1355;237;236;39;490;1368;249;238;40
"Moški";"Vitanje";347;546;51;37;4;326;562;54;41;4;331;567;59;41;5;336;576;67;38;5
"Moški";"Vodice";309;1198;201;202;49;302;1229;199;207;50;305;1262;221;214;54;317;1241;235;218;57
"Moški";"Vojnik";761;2231;320;233;43;734;2246;343;237;43;731;2322;341;247;45;718;2370;358;253;47
"Moški";"Vransko";303;640;69;58;10;286;642;78;64;10;267;657;92;64;9;265;656;92;65;9
"Moški";"Vrhnika";1377;4126;630;607;167;1337;4147;642;637;172;1292;4289;662;661;171;1299;4414;690;666;181
"Moški";"Vuzenica";262;727;82;62;7;253;740;82;63;7;230;759;81;61;7;218;759;84;63;7
"Moški";"Zagorje ob Savi";1428;4394;592;413;63;1366;4396;604;429;64;1294;4424;617;436;63;1290;4437;652;434;62
"Moški";"Zavrè";175;821;20;9;3;156;799;23;12;3;136;589;22;9;4;136;560;26;6;4
"Moški";"Zreèe";669;1704;222;144;21;678;1712;221;146;24;665;1750;236;144;23;673;1794;247;151;24
"Moški";"Žalec";1864;5595;781;645;120;1804;5583;810;659;123;1750;5730;830;664;121;1746;5823;843;677;126
"Moški";"Železniki";613;1691;283;204;32;597;1695;293;199;33;554;1706;313;208;35;553;1719;320;215;35
"Moški";"Žetale";205;308;49;24;0;195;312;49;23;0;184;328;48;27;0;181;344;48;26;0
"Moški";"Žiri";370;1225;191;150;28;365;1247;192;152;32;352;1270;188;160;30;352;1299;196;163;31
"Moški";"Žirovnica";259;1120;213;185;52;248;1134;222;186;53;230;1141;230;179;51;218;1146;232;185;52
"Moški";"Žužemberk";521;1160;168;66;14;508;1182;173;69;11;481;1202;181;71;10;482;1216;185;74;10
"Ženske";"SLOVENIJA";257060;396781;111460;107883;17658;250177;395930;114136;110571;18131;242915;397465;116885;113828;18842;238531;398236;119614;116065;19187
"Ženske";"Ajdovšèina";2761;3042;945;997;122;2686;3064;964;1025;123;2585;3088;980;1065;132;2542;3097;1010;1084;136
"Ženske";"Ankaran/Ancarano";326;665;202;195;49;318;649;209;204;52;296;669;212;210;53;299;676;216;217;51
"Ženske";"Apaèe";615;693;125;98;9;606;696;135;91;11;591;687;138;96;11;575;704;141;97;11
"Ženske";"Beltinci";1323;1593;366;259;22;1280;1584;381;267;23;1255;1574;382;265;25;1215;1581;395;276;26
"Ženske";"Benedikt";367;474;105;72;4;359;476;106;79;5;342;496;113;81;5;344;495;125;83;5
"Ženske";"Bistrica ob Sotli";250;212;62;59;6;242;221;57;62;6;231;222;61;57;5;223;228;65;60;5
"Ženske";"Bled";713;1723;469;561;84;678;1681;495;573;83;649;1674;511;582;80;628;1661;509;586;83
"Ženske";"Bloke";212;252;79;61;9;205;254;82;67;11;200;261;83;70;10;191;254;86;75;9
"Ženske";"Bohinj";582;1151;268;218;24;559;1119;279;220;26;529;1130;281;229;34;506;1131;283;242;31
"Ženske";"Borovnica";486;828;263;214;26;473;818;264;225;35;469;835;262;240;35;450;848;264;244;36
"Ženske";"Bovec";512;593;146;115;11;493;610;147;112;9;478;597;159;122;10;458;607;172;130;10
"Ženske";"Braslovèe";654;1027;320;280;53;638;1015;319;281;53;613;1017;317;297;56;603;1031;339;319;57
"Ženske";"Brda";800;1094;301;243;21;763;1092;317;247;25;718;1087;328;253;25;698;1078;328;260;28
"Ženske";"Brezovica";1179;2262;743;718;136;1135;2259;782;737;145;1124;2281;805;774;149;1127;2341;825;781;154
"Ženske";"Brežice";3231;4926;1252;1096;107;3148;4912;1262;1143;115;3004;4932;1271;1178;121;2904;4900;1304;1185;117
"Ženske";"Cankova";344;338;75;46;3;325;327;73;53;3;326;325;76;52;3;317;325;75;59;4
"Ženske";"Celje";5280;9815;2876;2801;483;5103;9739;2919;2851;492;4992;9725;2980;2903;502;4921;9664;3029;2941;498
"Ženske";"Cerklje na Gorenjskem";967;1365;457;348;37;951;1373;467;359;38;894;1395;476;369;41;899;1398;484;401;42
"Ženske";"Cerknica";1372;2107;611;617;62;1334;2107;627;631;64;1275;2115;656;658;71;1252;2115;676;667;75
"Ženske";"Cerkno";807;706;201;183;18;773;709;217;182;21;762;707;218;194;21;745;681;226;200;20
"Ženske";"Cerkvenjak";380;346;63;53;4;369;335;72;54;4;351;337;72;59;4;334;345;82;59;5
"Ženske";"Cirkulane";410;425;68;49;2;392;426;66;45;3;375;441;67;48;3;358;445;68;54;3
"Ženske";"Èrenšovci";708;692;138;146;11;691;693;136;142;11;674;699;145;145;11;661;720;146;144;14
"Ženske";"Èrna na Koroškem";562;618;134;101;11;561;619;131;110;11;536;625;128;114;12;526;626;131;114;11
"Ženske";"Èrnomelj";2279;2558;727;505;47;2217;2547;730;508;50;2138;2554;743;525;49;2087;2554;751;538;50
"Ženske";"Destrnik";418;475;103;78;7;409;477;113;83;6;399;484;116;80;5;389;500;121;80;6
"Ženske";"Divaèa";511;715;215;194;24;481;748;217;203;27;476;761;233;206;26;475;763;229;216;24
"Ženske";"Dobje";168;162;48;27;2;168;166;49;31;2;152;168;50;31;2;148;163;52;31;2
"Ženske";"Dobrepolje";533;717;187;144;13;528;709;199;145;13;495;725;195;148;15;468;735;199;147;16
"Ženske";"Dobrna";297;432;111;76;11;286;433;113;78;11;275;433;120;79;11;267;434;125;82;10
"Ženske";"Dobrova - Polhov Gradec";818;1359;468;410;78;805;1367;482;417;78;803;1368;486;435;77;783;1373;515;448;83
"Ženske";"Dobrovnik/Dobronak";242;227;45;47;1;241;230;50;50;2;234;235;47;52;2;221;238;48;50;3
"Ženske";"Dol pri Ljubljani";567;1078;356;368;61;553;1085;367;381;62;536;1122;389;413;69;549;1148;395;434;72
"Ženske";"Dolenjske Toplice";460;650;190;139;20;444;640;205;149;19;431;634;203;160;21;432;649;205;169;21
"Ženske";"Domžale";3751;6767;2139;2066;402;3654;6808;2229;2111;404;3600;6835;2296;2224;422;3551;6865;2377;2258;434
"Ženske";"Dornava";479;538;111;89;6;468;548;113;91;5;441;542;123;96;5;443;537;124;99;7
"Ženske";"Dravograd";1256;1770;406;331;32;1214;1777;419;327;31;1147;1797;429;334;32;1127;1823;439;351;34
"Ženske";"Duplek";859;1489;366;232;27;846;1494;381;238;31;809;1513;393;246;31;778;1499;405;250;31
"Ženske";"Gorenja vas - Poljane";995;1276;381;274;26;964;1281;408;280;28;918;1294;419;280;32;887;1298;433;290;28
"Ženske";"Gorišnica";578;820;182;139;10;562;823;187;142;13;536;831;185;151;13;517;839;199;150;13
"Ženske";"Gorje";290;610;148;124;14;282;601;153;124;14;276;596;155;123;14;263;601;160;126;17
"Ženske";"Gornja Radgona";1293;1686;410;321;28;1252;1694;427;314;24;1209;1719;434;322;24;1174;1708;445;326;22
"Ženske";"Gornji Grad";442;470;101;79;6;431;476;113;80;6;401;489;120;84;7;374;483;128;88;8
"Ženske";"Gornji Petrovci";484;344;80;39;9;457;338;78;45;10;438;341;72;43;9;427;344;76;46;9
"Ženske";"Grad";489;347;61;44;2;483;352;64;42;1;455;352;68;44;1;433;346;74;44;2
"Ženske";"Grosuplje";1984;3672;1198;1108;232;1970;3661;1238;1139;237;1962;3643;1293;1178;240;1928;3719;1337;1188;241
"Ženske";"Hajdina";457;790;210;144;15;440;799;218;147;13;419;788;228;153;16;425;791;238;155;15
"Ženske";"Hoèe - Slivnica";1204;2319;640;539;89;1134;2333;651;551;94;1089;2322;674;579;100;1072;2311;687;602;105
"Ženske";"Hodoš/Hodos";106;53;8;4;0;103;52;8;4;0;99;50;6;4;0;97;49;7;4;0
"Ženske";"Horjul";374;561;154;143;23;365;564;161;144;23;351;567;169;146;22;346;567;171;147;23
"Ženske";"Hrastnik";1560;1817;465;293;28;1519;1814;476;294;26;1454;1828;485;302;27;1423;1829;497;311;26
"Ženske";"Hrpelje - Kozina";637;805;192;207;19;618;804;204;212;21;603;816;205;225;23;585;838;230;234;24
"Ženske";"Idrija";1866;1904;618;560;81;1827;1924;610;583;79;1747;1942;603;597;82;1728;1902;622;606;85
"Ženske";"Ig";823;1385;404;360;64;812;1364;427;379;65;776;1391;441;390;69;770;1364;460;406;77
"Ženske";"Ilirska Bistrica";2113;2450;655;567;55;2020;2431;662;580;60;1934;2429;691;582;60;1870;2438;700;589;62
"Ženske";"Ivanèna Gorica";1800;3079;951;748;95;1734;3070;974;801;102;1694;3071;1033;823;109;1660;3077;1078;855;108
"Ženske";"Izola/Isola";2107;3118;832;872;112;2074;3096;872;883;113;2045;3134;887;919;121;2026;3106;892;946;130
"Ženske";"Jesenice";3026;4419;841;598;70;2979;4391;882;617;70;2906;4426;897;634;73;2946;4474;917;654;72
"Ženske";"Jezersko";68;132;29;30;5;61;134;34;26;5;61;137;33;29;4;57;137;31;34;3
"Ženske";"Juršinci";457;394;84;51;6;441;396;88;51;7;428;404;88;49;5;410;412;91;50;6
"Ženske";"Kamnik";3662;5505;1607;1471;228;3622;5474;1675;1494;228;3532;5500;1698;1533;229;3453;5536;1745;1544;237
"Ženske";"Kanal";608;1244;233;210;18;590;1245;242;212;19;584;1234;254;211;22;560;1219;258;218;22
"Ženske";"Kidrièevo";862;1360;356;253;20;817;1374;354;268;19;780;1392;370;269;20;772;1390;369;273;21
"Ženske";"Kobarid";669;704;189;202;13;643;700;196;220;12;602;715;194;221;15;591;710;194;230;16
"Ženske";"Kobilje";104;111;22;8;1;101;110;19;10;1;95;106;19;12;1;92;109;19;16;1
"Ženske";"Koèevje";2487;3151;702;511;42;2428;3134;719;514;39;2367;3113;721;527;43;2295;3148;739;525;46
"Ženske";"Komen";495;620;184;202;24;482;613;199;205;24;460;616;202;208;24;454;615;197;209;26
"Ženske";"Komenda";569;1029;350;399;68;551;1045;354;423;71;534;1079;349;426;74;528;1100;358;434;78
"Ženske";"Koper/Capodistria";6453;10245;2647;2725;400;6352;10297;2719;2800;413;6112;10424;2807;2869;440;6032;10546;2906;2913;451
"Ženske";"Kostanjevica na Krki";356;422;123;111;10;343;426;130;113;11;337;424;130;119;14;337;422;137;120;13
"Ženske";"Kostel";87;122;37;22;2;90;120;41;23;2;83;124;44;24;2;83;124;42;24;1
"Ženske";"Kozje";565;501;131;102;10;539;513;130;103;9;514;522;142;103;9;493;512;147;106;8
"Ženske";"Kranj";6279;10795;3073;3255;521;6141;10704;3127;3348;527;5959;10739;3192;3399;535;6022;10706;3263;3451;524
"Ženske";"Kranjska Gora";466;1274;312;264;50;436;1251;317;261;51;439;1233;320;267;49;432;1220;326;271;52
"Ženske";"Križevci";589;671;161;97;12;559;672;160;101;11;552;663;174;111;11;529;671;182;114;12
"Ženske";"Krško";3650;4585;1284;1058;97;3560;4560;1304;1080;93;3465;4584;1318;1096;101;3452;4642;1342;1132;103
"Ženske";"Kungota";592;961;251;193;28;580;955;255;203;27;563;937;263;202;28;565;922;268;207;29
"Ženske";"Kuzma";361;256;51;38;3;348;252;50;36;3;350;258;50;42;3;330;265;58;41;2
"Ženske";"Laško";2004;2521;697;465;58;1956;2509;706;479;61;1871;2527;705;489;64;1809;2527;740;511;67
"Ženske";"Lenart";1107;1623;394;371;45;1104;1646;407;373;47;1079;1682;421;374;51;1051;1678;449;389;49
"Ženske";"Lendava/Lendva";1855;1971;459;420;50;1816;1956;470;424;50;1766;1948;485;427;51;1705;1967;476;430;51
"Ženske";"Litija";2040;2886;782;643;89;2017;2888;807;652;92;1951;2900;816;682;92;1905;2945;850;696;95
"Ženske";"Ljubljana";26212;54801;17586;24828;6068;25654;54224;17942;25281;6214;25128;54283;18465;26069;6451;24808;54259;18740;26420;6562
"Ženske";"Ljubno";405;456;142;82;7;382;463;142;84;8;363;460;151;85;9;332;474;157;87;9
"Ženske";"Ljutomer";1754;2226;484;427;47;1704;2233;482;435;48;1661;2234;495;441;51;1646;2214;519;449;50
"Ženske";"Log - Dragomer";286;710;225;268;66;272;705;228;278;66;266;706;224;292;72;263;724;230;291;70
"Ženske";"Logatec";1681;2381;786;693;123;1647;2402;816;719;124;1587;2416;840;747;139;1569;2442;866;771;141
"Ženske";"Loška dolina";618;650;181;125;19;603;644;180;122;21;588;650;179;127;22;579;657;180;136;22
"Ženske";"Loški Potok";333;331;73;53;2;316;332;74;54;2;299;327;74;51;3;291;326;74;54;3
"Ženske";"Lovrenc na Pohorju";447;609;141;95;10;437;594;139;97;10;411;590;143;99;10;389;595;145;100;11
"Ženske";"Luèe";257;259;72;41;0;253;257;71;40;0;247;249;73;41;0;238;245;77;44;0
"Ženske";"Lukovica";709;1075;304;203;35;696;1084;312;212;37;663;1090;323;220;41;649;1094;334;230;40
"Ženske";"Majšperk";635;734;162;153;15;612;744;162;151;14;591;740;165;166;17;578;738;176;161;18
"Ženske";"Makole";353;367;82;63;4;341;369;83;65;4;328;371;83;71;4;317;380;80;76;6
"Ženske";"Maribor";11312;24013;6718;6815;1164;11023;23721;6852;6936;1191;10770;23782;7004;7086;1226;10649;23703;7074;7178;1239
"Ženske";"Markovci";610;795;195;121;15;585;793;194;124;15;557;804;200;137;16;536;821;204;141;16
"Ženske";"Medvode";1632;3157;952;998;190;1609;3145;1005;1037;190;1563;3154;1034;1069;197;1530;3167;1063;1107;205
"Ženske";"Mengeš";889;1485;519;431;70;868;1504;537;465;79;850;1525;555;487;84;847;1511;570;516;92
"Ženske";"Metlika";1187;1679;352;300;26;1155;1686;347;316;25;1122;1689;362;318;27;1109;1684;354;338;27
"Ženske";"Mežica";508;710;172;124;20;487;706;176;128;20;466;718;181;125;17;456;720;179;128;17
"Ženske";"Miklavž na Dravskem polju";677;1449;360;309;40;667;1441;374;293;43;642;1460;389;314;46;647;1458;386;322;48
"Ženske";"Miren - Kostanjevica";656;880;268;235;30;660;885;260;244;33;635;891;273;251;35;621;898;287;257;38
"Ženske";"Mirna";302;498;160;119;8;295;490;160;129;9;293;493;167;128;10;286;498;166;131;10
"Ženske";"Mirna Peè";391;525;163;98;16;381;538;170;101;15;374;541;178;111;17;355;537;186;112;16
"Ženske";"Mislinja";636;849;242;164;29;623;875;241;168;28;596;868;254;168;28;574;873;273;172;31
"Ženske";"Mokronog - Trebelno";485;494;183;92;9;467;493;184;98;10;452;512;180;105;9;454;498;187;115;10
"Ženske";"Moravèe";703;996;250;205;21;683;1018;263;207;21;667;1027;280;215;28;649;1046;286;225;30
"Ženske";"Moravske Toplice";1067;1056;232;200;16;1019;1067;257;201;19;996;1075;256;198;17;960;1108;270;212;17
"Ženske";"Mozirje";533;762;231;190;23;534;771;256;198;25;517;773;270;203;26;508;796;277;200;30
"Ženske";"Murska Sobota";2487;3940;1095;1026;151;2427;3939;1095;1032;161;2398;3895;1116;1052;161;2365;3866;1129;1086;159
"Ženske";"Muta";480;671;153;118;12;450;684;155;124;10;434;699;160;127;11;426;706;164;129;11
"Ženske";"Naklo";531;1099;310;277;40;528;1097;321;293;45;518;1077;324;311;47;496;1057;332;305;48
"Ženske";"Nazarje";347;512;135;85;6;342;500;146;91;8;336;517;141;106;8;323;526;142;111;10
"Ženske";"Nova Gorica";4154;5851;1811;1833;213;4012;5808;1861;1849;219;3866;5853;1864;1916;217;3791;5803;1905;1923;218
"Ženske";"Novo mesto";4320;6535;2116;2176;312;4218;6569;2184;2228;324;4149;6552;2218;2313;334;4091;6557;2248;2347;345
"Ženske";"Odranci";326;258;79;31;4;319;256;83;34;3;305;273;84;37;3;293;273;85;36;3
"Ženske";"Oplotnica";555;793;200;135;14;534;791;206;147;12;510;811;213;151;11;498;815;222;157;12
"Ženske";"Ormož";1970;2446;475;390;36;1881;2456;500;387;35;1789;2458;530;399;34;1740;2467;554;397;34
"Ženske";"Osilnica";75;61;15;6;0;70;59;17;6;0;70;60;18;8;0;64;57;15;8;0
"Ženske";"Pesnica";1099;1501;298;253;35;1056;1503;305;257;39;1009;1521;322;260;41;989;1531;327;269;40
"Ženske";"Piran/Pirano";1992;3882;1025;988;150;1905;3902;1051;995;153;1850;3855;1101;1013;163;1816;3866;1098;1011;166
"Ženske";"Pivka";893;1033;335;243;25;852;1040;326;250;30;825;1056;343;259;29;805;1059;338;269;33
"Ženske";"Podèetrtek";521;609;164;111;10;497;608;167;123;11;488;624;176;134;12;477;618;173;132;13
"Ženske";"Podlehnik";310;366;63;45;4;310;357;68;48;3;297;364;64;48;4;297;356;73;50;4
"Ženske";"Podvelka";350;484;98;50;9;341;487;98;49;8;336;497;103;48;9;327;497;105;47;11
"Ženske";"Poljèane";645;942;229;155;12;623;933;232;155;17;637;945;233;156;18;634;947;241;157;18
"Ženske";"Polzela";923;1108;337;277;43;903;1106;344;282;45;860;1120;349;293;48;835;1135;360;310;53
"Ženske";"Postojna";2003;2861;843;873;145;1973;2864;867;886;147;1935;2886;880;915;154;1903;2898;914;928;152
"Ženske";"Prebold";653;942;309;254;30;645;938;301;267;29;630;940;300;265;32;602;947;305;275;31
"Ženske";"Preddvor";446;647;220;210;33;455;653;223;219;36;436;664;231;223;38;428;658;248;227;40
"Ženske";"Prevalje";949;1395;316;275;28;913;1392;326;282;31;891;1385;321;284;30;874;1390;334;279;28
"Ženske";"Ptuj";2495;4943;1327;1241;151;2453;4935;1368;1273;158;2385;4909;1380;1287;169;2325;4921;1396;1339;170
"Ženske";"Puconci";1169;1045;229;179;16;1136;1061;242;188;16;1104;1058;237;189;17;1054;1084;240;185;15
"Ženske";"Raèe - Fram";761;1463;413;366;59;734;1477;432;387;62;714;1503;448;407;59;691;1517;470;429;60
"Ženske";"Radeèe";584;880;221;152;21;565;877;225;155;22;526;870;232;163;22;516;860;240;170;28
"Ženske";"Radenci";705;1097;250;245;32;678;1091;253;245;31;655;1095;254;247;35;634;1096;254;254;35
"Ženske";"Radlje ob Dravi";806;1267;307;200;24;783;1278;306;218;22;785;1281;298;217;23;761;1298;296;220;22
"Ženske";"Radovljica";2056;3836;1062;1153;191;2015;3821;1085;1203;195;1934;3860;1130;1219;202;1875;3826;1157;1245;207
"Ženske";"Ravne na Koroškem";1390;2245;597;524;64;1359;2240;612;531;67;1308;2234;619;552;67;1281;2220;617;575;71
"Ženske";"Razkrižje";226;213;51;49;3;218;220;46;48;3;209;222;45;44;5;206;227;49;45;5
"Ženske";"Reèica ob Savinji";313;437;124;80;10;291;428;123;83;11;281;432;123;84;16;274;418;133;90;17
"Ženske";"Renèe - Vogrsko";660;759;210;197;25;626;751;227;200;23;611;765;232;211;23;599;781;234;218;22
"Ženske";"Ribnica";1147;1769;547;388;44;1100;1750;556;401;44;1066;1754;577;423;42;1046;1748;583;436;41
"Ženske";"Ribnica na Pohorju";170;243;54;37;5;163;246;51;36;2;158;234;52;36;1;150;235;51;37;2
"Ženske";"Rogaška Slatina";1371;2352;559;355;46;1317;2364;566;368;51;1287;2379;564;380;56;1282;2394;575;381;55
"Ženske";"Rogašovci";681;505;98;73;1;669;512;100;77;2;645;516;101;76;1;621;524;109;77;1
"Ženske";"Rogatec";489;633;116;83;4;463;648;120;85;4;452;637;133;85;3;444;644;146;86;4
"Ženske";"Ruše";860;1497;373;294;50;830;1506;395;293;53;809;1500;414;306;52;785;1464;416;310;51
"Ženske";"Selnica ob Dravi";544;928;254;194;19;528;932;257;202;17;502;942;266;211;20;481;935;268;222;18
"Ženske";"Semiè";708;599;160;106;12;688;602;158;110;14;676;609;167;114;13;661;617;176;119;13
"Ženske";"Sevnica";2484;3429;803;632;67;2413;3418;824;642;66;2361;3450;850;642;67;2302;3424;888;660;73
"Ženske";"Sežana";1700;2503;701;662;92;1651;2538;716;683;94;1612;2560;722;704;94;1589;2565;731;728;95
"Ženske";"Slovenj Gradec";1988;3246;976;803;99;1914;3214;992;817;102;1842;3214;1011;832;107;1805;3235;1036;843;111
"Ženske";"Slovenska Bistrica";2962;5226;1423;1194;128;2874;5249;1445;1242;133;2798;5233;1495;1275;133;2732;5262;1505;1276;135
"Ženske";"Slovenske Konjice";1755;2859;763;610;69;1719;2875;795;619;76;1704;2865;827;636;71;1675;2867;855;656;77
"Ženske";"Sodražica";304;357;115;100;9;299;343;120;103;8;280;349;124;106;8;275;347;125;110;8
"Ženske";"Solèava";71;103;26;21;1;69;101;25;20;2;68;101;25;24;3;63;100;28;22;4
"Ženske";"Središèe ob Dravi";297;438;95;53;8;277;427;104;59;7;270;408;97;58;8;269;403;98;67;8
"Ženske";"Starše";516;882;213;146;13;494;876;220;153;13;488;872;225;153;18;471;876;240;154;17
"Ženske";"Straža";539;663;218;178;24;519;670;219;188;28;500;659;216;195;28;492;661;223;187;29
"Ženske";"Sveta Ana";450;400;83;48;7;424;402;90;48;8;404;412;89;55;8;387;423;93;56;9
"Ženske";"Sveta Trojica v Slov. goricah";308;415;99;62;5;291;426;102;61;5;275;426;113;66;5;271;430;116;65;7
"Ženske";"Sveti Andraž v Slov. goricah";206;184;38;35;4;197;185;43;37;4;189;192;48;40;4;186;195;48;37;4
"Ženske";"Sveti Jurij ob Šèavnici";489;514;108;83;4;468;522;107;87;4;443;511;120;88;5;438;514;112;92;7
"Ženske";"Sveti Jurij v Slov. goricah";400;329;92;55;6;389;319;91;58;6;373;328;86;70;5;364;335;89;71;8
"Ženske";"Sveti Tomaž";388;354;79;41;5;379;357;88;40;5;360;368;88;47;5;353;362;91;46;4
"Ženske";"Šalovci";375;209;40;24;2;355;208;47;25;1;335;209;48;28;2;329;209;51;27;2
"Ženske";"Šempeter - Vrtojba";760;1194;372;385;37;727;1184;370;389;37;707;1197;384;394;39;707;1189;399;403;41
"Ženske";"Šenèur";942;1586;461;462;75;929;1613;470;472;79;885;1629;501;489;81;906;1627;515;491;87
"Ženske";"Šentilj";1385;1656;347;205;30;1365;1685;347;217;30;1323;1690;367;222;34;1281;1682;384;234;35
"Ženske";"Šentjernej";1063;1202;361;250;31;1041;1197;359;262;31;1008;1202;371;278;31;986;1225;377;292;30
"Ženske";"Šentjur";2559;3542;1058;832;104;2460;3542;1094;859;105;2409;3566;1128;874;112;2334;3584;1144;910;114
"Ženske";"Šentrupert";357;413;122;80;15;357;430;129;88;16;332;418;137;93;17;332;416;144;99;17
"Ženske";"Škocjan";505;564;133;92;5;483;565;140;100;6;473;574;152;100;6;454;583;152;108;6
"Ženske";"Škofja Loka";2631;4281;1272;1392;185;2580;4264;1307;1413;194;2517;4281;1334;1444;205;2497;4285;1389;1479;211
"Ženske";"Škofljica";941;1970;660;729;170;940;1985;676;771;177;924;2000;703;798;187;938;2020;726;836;192
"Ženske";"Šmarje pri Jelšah";1539;1893;486;368;38;1511;1893;478;391;36;1457;1908;489;410;39;1393;1922;526;424;44
"Ženske";"Šmarješke Toplice";439;611;182;141;24;424;630;191;142;26;410;641;197;151;29;391;629;205;160;25
"Ženske";"Šmartno ob Paki";419;614;185;134;15;407;622;179;145;15;392;629;187;151;15;381;630;191;153;16
"Ženske";"Šmartno pri Litiji";774;1053;284;198;23;750;1050;294;208;22;719;1054;298;218;24;703;1057;323;221;23
"Ženske";"Šoštanj";1301;1561;420;267;36;1276;1590;440;280;40;1230;1623;449;290;46;1211;1635;468;296;47
"Ženske";"Štore";633;864;200;130;15;612;866;210;139;17;599;885;222;149;22;581;874;221;155;24
"Ženske";"Tabor";209;277;87;76;10;208;276;90;83;13;199;267;78;87;17;195;267;85;102;17
"Ženske";"Tišina";710;732;152;138;8;692;741;157;138;7;683;749;149;141;6;674;758;159;153;6
"Ženske";"Tolmin";1794;1869;527;540;51;1741;1865;543;551;52;1679;1876;543;571;54;1621;1883;562;574;54
"Ženske";"Trbovlje";2398;3402;817;639;82;2307;3372;832;657;79;2242;3337;839;676;84;2213;3331;848;680;84
"Ženske";"Trebnje";1619;2105;688;574;93;1574;2137;704;602;91;1547;2150;717;642;95;1519;2189;728;654;100
"Ženske";"Trnovska vas";202;260;51;32;4;194;273;51;32;5;187;271;53;34;6;186;278;53;39;6
"Ženske";"Trzin";283;675;268;341;85;274;667;277;348;88;270;686;277;349;92;270;678;271;352;96
"Ženske";"Tržiè";2051;3023;737;642;73;1998;3012;729;645;78;1944;3019;753;644;88;1925;3001;771;657;90
"Ženske";"Turnišèe";605;605;112;97;7;572;605;115;92;9;562;613;118;101;9;543;609;121;100;9
"Ženske";"Velenje";4492;6015;1700;1338;174;4463;6019;1704;1402;173;4404;6073;1734;1427;176;4420;6101;1780;1450;174
"Ženske";"Velika Polana";284;236;58;44;3;270;240;65;43;4;265;243;61;45;4;261;245;55;46;3
"Ženske";"Velike Lašèe";485;780;277;201;32;458;784;277;212;31;444;802;286;219;31;416;835;292;223;31
"Ženske";"Veržej";173;275;81;51;5;163;267;83;54;6;157;273;84;53;7;162;281;86;53;6
"Ženske";"Videm";811;1123;210;147;11;784;1104;219;153;13;742;1124;228;159;13;718;1115;247;160;12
"Ženske";"Vipava";817;886;321;302;36;770;868;327;328;34;733;880;333;329;37;730;904;334;347;36
"Ženske";"Vitanje";406;337;107;52;4;396;333;104;54;4;379;340;110;56;5;378;342;115;53;5
"Ženske";"Vodice";505;846;277;285;61;495;844;292;287;64;467;850;312;311;67;459;854;331;314;69
"Ženske";"Vojnik";1128;1744;486;354;49;1112;1740;481;372;52;1051;1763;477;389;54;1034;1788;481;391;57
"Ženske";"Vransko";409;447;141;112;12;388;443;146;115;13;358;454;146;131;15;341;462;149;133;16
"Ženske";"Vrhnika";1885;3153;968;942;169;1835;3163;994;987;180;1806;3190;1036;1014;189;1784;3174;1075;1036;191
"Ženske";"Vuzenica";318;558;145;111;5;302;567;145;110;8;296;568;145;108;8;284;571;146;110;7
"Ženske";"Zagorje ob Savi";2403;3205;850;674;86;2287;3227;855;700;95;2207;3229;860;715;98;2148;3205;870;736;98
"Ženske";"Zavrè";243;276;45;26;1;232;279;45;27;1;231;267;52;26;1;231;264;52;24;1
"Ženske";"Zreèe";905;1210;317;215;32;865;1237;315;216;34;844;1259;322;220;34;807;1267;339;239;32
"Ženske";"Žalec";2603;4276;1138;893;137;2547;4231;1208;924;142;2504;4224;1211;962;147;2473;4241;1255;964;147
"Ženske";"Železniki";978;1041;371;280;29;961;1047;379;297;28;942;1027;396;296;32;905;1044;405;310;35
"Ženske";"Žetale";267;180;56;36;1;259;182;62;39;1;248;175;63;43;2;237;184;65;45;2
"Ženske";"Žiri";572;971;253;233;18;552;963;272;241;18;534;959;267;255;18;532;956;284;264;17
"Ženske";"Žirovnica";387;876;326;277;38;368;881;308;297;39;351;866;311;325;37;343;860;326;320;37
"Ženske";"Žužemberk";704;797;236;160;11;674;803;250;165;11;643;817;256;169;11;624;840;272;178;11
